Year,Attendance,Host,Away Team,Home Team,Bowl,id,Home Bowl Scores,Away Bowl Scores,Home Season Wins,Home Season Losses,Away Season Wins,Away Season Losses,Home Win,Winning Team,Losing Team,Winning Percentage,Had Zero Score,Sum Of Points
2001,40139,Marshall Thundering Herd,East Carolina Pirates,Marshall Thundering Herd,GMAC Bowl,2885,64,61,11,2,6,6,1,Marshall Thundering Herd,East Carolina Pirates,85%,FALSE,125
2011,65256,Baylor Bears,Washington Huskies,Baylor Bears,Alamo Bowl,17746,67,56,10,3,7,6,1,Baylor Bears,Washington Huskies,77%,FALSE,123
2016,24975,Colorado State Rams,Idaho Vandals,Colorado State Rams,Idaho Potato Bowl,27073,50,61,7,6,9,4,0,Idaho Vandals,Colorado State Rams,69%,FALSE,111
2015,36811,Arkansas State Red Wolves,Toledo Rockets,Arkansas State Red Wolves,GoDaddy Bowl,23972,44,63,7,6,9,4,0,Toledo Rockets,Arkansas State Red Wolves,69%,FALSE,107
2015,31289,Virginia Tech Hokies,Tulsa Golden Hurricane,Virginia Tech Hokies,Independence Bowl,25533,55,52,7,6,6,7,1,Virginia Tech Hokies,Tulsa Golden Hurricane,54%,FALSE,107
2014,20761,Memphis Tigers,BYU Cougars,Memphis Tigers,Miami Beach Bowl,23939,55,48,10,3,8,5,1,Memphis Tigers,BYU Cougars,77%,FALSE,103
2012,67563,Clemson Tigers,West Virginia Mountaineers,Clemson Tigers,Orange Bowl,17763,33,70,10,4,10,3,0,West Virginia Mountaineers,Clemson Tigers,77%,FALSE,103
2003,29005,Hawaii Warriors,Houston Cougars,Hawaii Warriors,Hawaii Bowl,5890,54,48,9,5,7,6,1,Hawaii Warriors,Houston Cougars,64%,FALSE,102
2003,42364,California Golden Bears,Virginia Tech Hokies,California Golden Bears,Insight Bowl,5892,52,49,8,6,8,5,1,California Golden Bears,Virginia Tech Hokies,57%,FALSE,101
2013,67946,Texas A&M Aggies,Duke Blue Devils,Texas A&M Aggies,Chick-fil-A Bowl,20823,52,48,9,4,10,4,1,Texas A&M Aggies,Duke Blue Devils,69%,FALSE,100
2007,60624,Central Michigan Chippewas,Purdue Boilermakers,Central Michigan Chippewas,Motor City Bowl,11686,48,51,8,6,8,5,0,Purdue Boilermakers,Central Michigan Chippewas,62%,FALSE,99
2004,39754,UAB Blazers,Hawaii Warriors,UAB Blazers,Hawaii Bowl,7300,40,59,7,5,8,5,0,Hawaii Warriors,UAB Blazers,62%,FALSE,99
2014,13667,Western Kentucky Hilltoppers,Central Michigan Chippewas,Western Kentucky Hilltoppers,Popeyes Bahamas Bowl,23944,49,48,8,5,7,6,1,Western Kentucky Hilltoppers,Central Michigan Chippewas,62%,FALSE,97
2010,43673,Tulsa Golden Hurricane,Hawaii Warriors,Tulsa Golden Hurricane,Hawaii Bowl,16225,62,35,10,3,10,4,1,Tulsa Golden Hurricane,Hawaii Warriors,77%,FALSE,97
2005,26254,UCF Golden Knights,Nevada Wolf Pack,UCF Golden Knights,Hawaii Bowl,8718,48,49,8,5,9,3,0,Nevada Wolf Pack,UCF Golden Knights,75%,FALSE,97
2014,65172,Baylor Bears,UCF Knights,Baylor Bears,Fiesta Bowl,20838,42,52,11,2,12,1,0,UCF Knights,Baylor Bears,92%,FALSE,94
2016,40542,Navy Midshipmen,Louisiana Tech Bulldogs,Navy Midshipmen,Armed Forces Bowl,27074,45,48,9,5,9,5,0,Louisiana Tech Bulldogs,Navy Midshipmen,64%,FALSE,93
2013,27104,Colorado State Rams,Washington State Cougars,Colorado State Rams,New Mexico Bowl,20806,48,45,8,6,6,7,1,Colorado State Rams,Washington State Cougars,57%,FALSE,93
2015,38915,Air Force Falcons,California Golden Bears,Air Force Falcons,Armed Forces Bowl,25515,36,55,8,6,8,5,0,California Golden Bears,Air Force Falcons,62%,FALSE,91
2012,34172,Arizona State Sun Devils,Navy Midshipmen,Arizona State Sun Devils,Fight Hunger Bowl,19255,62,28,8,5,8,5,1,Arizona State Sun Devils,Navy Midshipmen,62%,FALSE,90
2001,60548,Texas Longhorns,Washington Huskies,Texas Longhorns,Holiday Bowl,2893,47,43,11,2,8,4,1,Texas Longhorns,Washington Huskies,85%,FALSE,90
2016,64569,TCU Horned Frogs,Oregon Ducks,TCU Horned Frogs,Alamo Bowl,25531,47,41,11,2,9,4,1,TCU Horned Frogs,Oregon Ducks,85%,FALSE,88
2005,50426,UCLA Bruins,Northwestern Wildcats,UCLA Bruins,Sun Bowl,8727,50,38,10,2,7,5,1,UCLA Bruins,Northwestern Wildcats,83%,FALSE,88
2016,23175,Hawaii Rainbow Warriors,Middle Tennessee Blue Raiders,Hawaii Rainbow Warriors,Hawaii Bowl,27076,52,35,7,7,8,5,1,Hawaii Rainbow Warriors,Middle Tennessee Blue Raiders,50%,FALSE,87
2015,40418,Baylor Bears,North Carolina Tar Heels,Baylor Bears,Russell Athletic Bowl,25516,49,38,10,3,11,3,1,Baylor Bears,North Carolina Tar Heels,77%,FALSE,87
2014,55789,USC Trojans,Nebraska Cornhuskers,USC Trojans,Holiday Bowl,23953,45,42,9,4,9,4,1,USC Trojans,Nebraska Cornhuskers,69%,FALSE,87
2004,29500,Memphis Tigers,Bowling Green Falcons,Memphis Tigers,GMAC Bowl,7297,35,52,8,4,9,3,0,Bowling Green Falcons,Memphis Tigers,75%,FALSE,87
2000,47119,West Virginia Mountaineers,Mississippi Rebels,West Virginia Mountaineers,Music City Bowl,1386,49,38,7,5,7,5,1,West Virginia Mountaineers,Mississippi Rebels,58%,FALSE,87
2007,64020,Texas Longhorns,Arizona State Sun Devils,Texas Longhorns,Holiday Bowl,11687,52,34,10,3,10,3,1,Texas Longhorns,Arizona State Sun Devils,77%,FALSE,86
2016,75765,Clemson Tigers,Alabama Crimson Tide,Clemson Tigers,CFP Championship,25537,40,45,14,1,14,1,0,Alabama Crimson Tide,Clemson Tigers,93%,FALSE,85
2016,39321,Arizona State Sun Devils,West Virginia Mountaineers,Arizona State Sun Devils,Cactus Bowl,25534,42,43,6,7,8,5,0,West Virginia Mountaineers,Arizona State Sun Devils,62%,FALSE,85
2016,31229,South Carolina Gamecocks,South Florida Bulls,South Carolina Gamecocks,Birmingham Bowl,27088,39,46,6,7,11,2,0,South Florida Bulls,South Carolina Gamecocks,85%,FALSE,85
2015,37218,Duke Blue Devils,Indiana Hoosiers,Duke Blue Devils,Pinstripe Bowl,25513,44,41,8,5,6,7,1,Duke Blue Devils,Indiana Hoosiers,62%,FALSE,85
2015,28656,Bowling Green Falcons,Georgia Southern Eagles,Bowling Green Falcons,GoDaddy Bowl,25509,27,58,10,4,9,4,0,Georgia Southern Eagles,Bowling Green Falcons,69%,FALSE,85
2010,34486,Troy Trojans,Central Michigan Chippewas,Troy Trojans,GMAC Bowl,14752,41,44,9,4,12,2,0,Central Michigan Chippewas,Troy Trojans,86%,FALSE,85
2009,26726,Idaho Vandals,Bowling Green Falcons,Idaho Vandals,Humanitarian Bowl,14733,43,42,8,5,7,6,1,Idaho Vandals,Bowling Green Falcons,62%,FALSE,85
2007,73719,Oklahoma Sooners,Boise State Broncos,Oklahoma Sooners,Fiesta Bowl,10220,42,43,11,3,13,0,0,Boise State Broncos,Oklahoma Sooners,100%,FALSE,85
2006,48391,Minnesota Golden Gophers,Texas Tech Red Raiders,Minnesota Golden Gophers,Insight Bowl,10210,41,44,6,7,8,5,0,Texas Tech Red Raiders,Minnesota Golden Gophers,62%,FALSE,85
2005,43536,Rutgers Scarlet Knights,Arizona State Sun Devils,Rutgers Scarlet Knights,Insight Bowl,8721,40,45,7,5,7,5,0,Arizona State Sun Devils,Rutgers Scarlet Knights,58%,FALSE,85
2004,58355,Louisville Cardinals,Boise State Broncos,Louisville Cardinals,Liberty Bowl,7313,44,40,11,1,11,1,1,Louisville Cardinals,Boise State Broncos,92%,FALSE,84
2000,36974,Texas A&M Aggies,Mississippi State Bulldogs,Texas A&M Aggies,Independence Bowl,1395,41,43,7,5,8,4,0,Mississippi State Bulldogs,Texas A&M Aggies,67%,FALSE,84
2015,71464,Baylor Bears,Michigan State Spartans,Baylor Bears,Cotton Bowl,23964,41,42,11,2,11,2,0,Michigan State Spartans,Baylor Bears,85%,FALSE,83
2015,71307,Texas Tech Red Raiders,LSU Tigers,Texas Tech Red Raiders,Advocare V100 Texas Bowl,25518,27,56,7,6,9,3,0,LSU Tigers,Texas Tech Red Raiders,75%,FALSE,83
2014,58211,Georgia Tech Yellow Jackets,Mississippi State Bulldogs,Georgia Tech Yellow Jackets,Orange Bowl,23959,49,34,11,3,10,3,1,Georgia Tech Yellow Jackets,Mississippi State Bulldogs,79%,FALSE,83
2012,91245,Oregon Ducks,Wisconsin Badgers,Oregon Ducks,Rose Bowl,17760,45,38,12,2,11,3,1,Oregon Ducks,Wisconsin Badgers,86%,FALSE,83
2011,40121,Texas Tech Red Raiders,Northwestern Wildcats,Texas Tech Red Raiders,TicketCity Bowl,16241,45,38,8,5,7,6,1,Texas Tech Red Raiders,Northwestern Wildcats,62%,FALSE,83
2011,25042,Air Force Falcons,Toledo Rockets,Air Force Falcons,Military Bowl,17743,41,42,7,6,9,4,0,Toledo Rockets,Air Force Falcons,69%,FALSE,83
2000,60028,Northwestern Wildcats,Nebraska Cornhuskers,Northwestern Wildcats,Alamo Bowl,1393,17,66,8,4,10,2,0,Nebraska Cornhuskers,Northwestern Wildcats,83%,FALSE,83
2016,24726,Western Kentucky Hilltoppers,Memphis Tigers,Western Kentucky Hilltoppers,Boca Raton Bowl,27071,51,31,11,3,8,5,1,Western Kentucky Hilltoppers,Memphis Tigers,79%,FALSE,82
2015,30289,New Mexico Lobos,Arizona Wildcats,New Mexico Lobos,New Mexico Bowl,25502,37,45,7,6,7,6,0,Arizona Wildcats,New Mexico Lobos,54%,FALSE,82
2014,51282,West Virginia Mountaineers,Texas A&M Aggies,West Virginia Mountaineers,Liberty Bowl,23954,37,45,7,6,8,5,0,Texas A&M Aggies,West Virginia Mountaineers,62%,FALSE,82
2012,48128,Duke Blue Devils,Cincinnati Bearcats,Duke Blue Devils,Belk Bowl,19248,34,48,6,7,10,3,0,Cincinnati Bearcats,Duke Blue Devils,77%,FALSE,82
2008,31455,Ball State Cardinals,Rutgers Scarlet Knights,Ball State Cardinals,International Bowl,11709,30,52,7,6,8,5,0,Rutgers Scarlet Knights,Ball State Cardinals,62%,FALSE,82
2007,48892,Oklahoma State Cowboys,Indiana Hoosiers,Oklahoma State Cowboys,Insight Bowl,11699,49,33,7,6,7,6,1,Oklahoma State Cowboys,Indiana Hoosiers,54%,FALSE,82
2003,26482,Kansas Jayhawks,North Carolina State Wolfpack,Kansas Jayhawks,Tangerine Bowl,5887,26,56,6,7,8,5,0,North Carolina State Wolfpack,Kansas Jayhawks,62%,FALSE,82
2009,88175,Texas Tech Red Raiders,Mississippi Rebels,Texas Tech Red Raiders,Cotton Bowl,13253,34,47,11,2,9,4,0,Mississippi Rebels,Texas Tech Red Raiders,69%,FALSE,81
2005,36842,Navy Midshipmen,Colorado State Rams,Navy Midshipmen,Poinsettia Bowl,8716,51,30,8,4,6,6,1,Navy Midshipmen,Colorado State Rams,67%,FALSE,81
2002,77688,Illinois Fighting Illini,LSU Tigers,Illinois Fighting Illini,Sugar Bowl,2907,34,47,10,2,10,3,0,LSU Tigers,Illinois Fighting Illini,77%,FALSE,81
2015,21712,South Florida Bulls,Western Kentucky Hilltoppers,South Florida Bulls,Miami Beach Bowl,25507,35,45,8,5,12,2,0,Western Kentucky Hilltoppers,South Florida Bulls,86%,FALSE,80
2011,35720,Boise State Broncos,Arizona State Sun Devils,Boise State Broncos,MAACO Bowl,17738,56,24,12,1,6,7,1,Boise State Broncos,Arizona State Sun Devils,92%,FALSE,80
2006,56103,South Carolina Gamecocks,Houston Cougars,South Carolina Gamecocks,Liberty Bowl,10208,44,36,8,5,10,4,1,South Carolina Gamecocks,Houston Cougars,62%,FALSE,80
2015,91322,Oregon Ducks,Florida State Seminoles,Oregon Ducks,Rose Bowl,23940,59,20,13,1,13,1,1,Oregon Ducks,Florida State Seminoles,93%,FALSE,79
2015,46423,Mississippi State Bulldogs,North Carolina State Wolfpack,Mississippi State Bulldogs,Belk Bowl,25519,51,28,9,4,7,6,1,Mississippi State Bulldogs,North Carolina State Wolfpack,69%,FALSE,79
2012,69927,Oklahoma State Cowboys,Stanford Cardinal,Oklahoma State Cowboys,Fiesta Bowl,17761,41,38,12,1,11,2,1,Oklahoma State Cowboys,Stanford Cardinal,92%,FALSE,79
2007,30467,East Carolina Pirates,Boise State Broncos,East Carolina Pirates,Hawaii Bowl,11685,41,38,8,5,10,3,1,East Carolina Pirates,Boise State Broncos,62%,FALSE,79
2006,93986,Texas Longhorns,USC Trojans,Texas Longhorns,Rose Bowl,8740,41,38,13,0,12,1,1,Texas Longhorns,USC Trojans,100%,FALSE,79
2002,73640,Florida Gators,Maryland Terrapins,Florida Gators,Orange Bowl,2908,56,23,10,2,10,2,1,Florida Gators,Maryland Terrapins,83%,FALSE,79
2001,30456,Fresno State Bulldogs,Michigan State Spartans,Fresno State Bulldogs,Silicon Valley,2899,35,44,11,3,7,5,0,Michigan State Spartans,Fresno State Bulldogs,58%,FALSE,79
2007,40905,Air Force Falcons,California Golden Bears,Air Force Falcons,Armed Forces Bowl,11695,36,42,9,4,7,6,0,California Golden Bears,Air Force Falcons,54%,FALSE,78
2015,74682,Alabama Crimson Tide,Ohio State Buckeyes,Alabama Crimson Tide,Sugar Bowl,23941,35,42,12,2,13,1,0,Ohio State Buckeyes,Alabama Crimson Tide,93%,FALSE,77
2012,48828,Louisiana-Lafayette Ragin' Cajuns,East Carolina Pirates,Louisiana-Lafayette Ragin' Cajuns,New Orleans Bowl,19243,43,34,9,4,8,5,1,Louisiana-Lafayette Ragin' Cajuns,East Carolina Pirates,69%,FALSE,77
2008,26781,Nevada Wolf Pack,Maryland Terrapins,Nevada Wolf Pack,Humanitarian Bowl,13240,35,42,7,6,8,5,0,Maryland Terrapins,Nevada Wolf Pack,62%,FALSE,77
2007,49867,Oregon Ducks,South Florida Bulls,Oregon Ducks,Sun Bowl,11697,56,21,9,4,9,4,1,Oregon Ducks,South Florida Bulls,69%,FALSE,77
2006,48732,Missouri Tigers,Oregon State Beavers,Missouri Tigers,Sun Bowl,10207,38,39,8,5,10,4,0,Oregon State Beavers,Missouri Tigers,71%,FALSE,77
2003,40620,Louisville Cardinals,Miami (OH) RedHawks,Louisville Cardinals,GMAC Bowl,5885,28,49,9,4,13,1,0,Miami (OH) RedHawks,Louisville Cardinals,93%,FALSE,77
2015,13123,Western Michigan Broncos,Middle Tennessee Blue Raiders,Western Michigan Broncos,Popeyes Bahamas Bowl,25540,45,31,8,5,7,6,1,Western Michigan Broncos,Middle Tennessee Blue Raiders,62%,FALSE,76
2014,70473,Alabama Crimson Tide,Oklahoma Sooners,Alabama Crimson Tide,Sugar Bowl,20829,31,45,11,2,11,2,0,Oklahoma Sooners,Alabama Crimson Tide,85%,FALSE,76
2013,59712,Nebraska Cornhuskers,Georgia Bulldogs,Nebraska Cornhuskers,Capital One Bowl,19265,31,45,10,4,12,2,0,Georgia Bulldogs,Nebraska Cornhuskers,86%,FALSE,76
2008,70016,Oklahoma Sooners,West Virginia Mountaineers,Oklahoma Sooners,Fiesta Bowl,11707,28,48,11,3,11,2,0,West Virginia Mountaineers,Oklahoma Sooners,85%,FALSE,76
2008,69748,Florida Gators,Michigan Wolverines,Florida Gators,Capital One Bowl,11703,35,41,9,4,9,4,0,Michigan Wolverines,Florida Gators,69%,FALSE,76
2004,63711,California Golden Bears,Texas Tech Red Raiders,California Golden Bears,Holiday Bowl,7309,31,45,10,2,8,4,0,Texas Tech Red Raiders,California Golden Bears,67%,FALSE,76
2002,51872,Toledo Rockets,Boston College Eagles,Toledo Rockets,Motor City Bowl,4387,25,51,9,5,9,4,0,Boston College Eagles,Toledo Rockets,69%,FALSE,76
2015,60517,UCLA Bruins,Kansas State Wildcats,UCLA Bruins,Alamo Bowl,23969,40,35,10,3,9,4,1,UCLA Bruins,Kansas State Wildcats,77%,FALSE,75
2015,32847,Louisiana Tech Bulldogs,Arkansas State Red Wolves,Louisiana Tech Bulldogs,New Orleans Bowl,25503,47,28,9,4,9,4,1,Louisiana Tech Bulldogs,Arkansas State Red Wolves,69%,FALSE,75
2015,20229,Southern Miss Golden Eagles,Washington Huskies,Southern Miss Golden Eagles,Heart of Dallas Bowl,25511,31,44,9,5,7,6,0,Washington Huskies,Southern Miss Golden Eagles,54%,FALSE,75
2014,72080,Ohio State Buckeyes,Clemson Tigers,Ohio State Buckeyes,Orange Bowl,20830,35,40,12,2,11,2,0,Clemson Tigers,Ohio State Buckeyes,85%,FALSE,75
2014,29419,Northern Illinois Huskies,Marshall Thundering Herd,Northern Illinois Huskies,Boca Raton Bowl,23942,23,52,11,3,13,1,0,Marshall Thundering Herd,Northern Illinois Huskies,93%,FALSE,75
2012,55507,UCLA Bruins,Baylor Bears,UCLA Bruins,Holiday Bowl,19249,26,49,9,5,8,5,0,Baylor Bears,UCLA Bruins,62%,FALSE,75
2010,65207,Cincinnati Bearcats,Florida Gators,Cincinnati Bearcats,Sugar Bowl,14744,24,51,12,1,13,1,0,Florida Gators,Cincinnati Bearcats,93%,FALSE,75
2005,93468,Texas Longhorns,Michigan Wolverines,Texas Longhorns,Rose Bowl,7319,38,37,11,1,9,3,1,Texas Longhorns,Michigan Wolverines,92%,FALSE,75
2005,77912,Oklahoma Sooners,USC Trojans,Oklahoma Sooners,Orange Bowl,7322,19,55,12,1,13,0,0,USC Trojans,Oklahoma Sooners,100%,FALSE,74
2015,56310,Tennessee Volunteers,Iowa Hawkeyes,Tennessee Volunteers,Taxslayer Bowl,23968,45,28,7,6,7,6,1,Tennessee Volunteers,Iowa Hawkeyes,54%,FALSE,73
2013,21951,San Diego State Aztecs,Buffalo Bulls,San Diego State Aztecs,Idaho Potato Bowl,20808,49,24,8,5,8,5,1,San Diego State Aztecs,Buffalo Bulls,62%,FALSE,73
2010,49383,Auburn Tigers,Northwestern Wildcats,Auburn Tigers,Outback Bowl,14740,38,35,8,5,8,5,1,Auburn Tigers,Northwestern Wildcats,62%,FALSE,73
2008,59106,Oregon Ducks,Oklahoma State Cowboys,Oregon Ducks,Holiday Bowl,13241,42,31,10,3,9,4,1,Oregon Ducks,Oklahoma State Cowboys,77%,FALSE,73
2007,67714,West Virginia Mountaineers,Georgia Tech Yellow Jackets,West Virginia Mountaineers,Gator Bowl,10217,38,35,11,2,9,5,1,West Virginia Mountaineers,Georgia Tech Yellow Jackets,85%,FALSE,73
2006,74458,Georgia Bulldogs,West Virginia Mountaineers,Georgia Bulldogs,Sugar Bowl,8738,35,38,10,3,11,1,0,West Virginia Mountaineers,Georgia Bulldogs,92%,FALSE,73
2001,23472,Louisiana Tech Bulldogs,Clemson Tigers,Louisiana Tech Bulldogs,Humanitarian Bowl,2897,24,49,7,5,7,5,0,Clemson Tigers,Louisiana Tech Bulldogs,58%,FALSE,73
2016,71123,Ohio State Buckeyes,Notre Dame Fighting Irish,Ohio State Buckeyes,Fiesta Bowl,25536,44,28,12,1,10,3,1,Ohio State Buckeyes,Notre Dame Fighting Irish,92%,FALSE,72
2015,36352,Navy Midshipmen,Pittsburgh Panthers,Navy Midshipmen,Military Bowl,25514,44,28,11,2,8,5,1,Navy Midshipmen,Pittsburgh Panthers,85%,FALSE,72
2014,72690,Missouri Tigers,Oklahoma State Cowboys,Missouri Tigers,Cotton Bowl,20831,41,31,12,2,10,3,1,Missouri Tigers,Oklahoma State Cowboys,86%,FALSE,72
2013,48313,Oklahoma State Cowboys,Purdue Boilermakers,Oklahoma State Cowboys,Heart of Dallas Bowl,19263,58,14,8,5,6,7,1,Oklahoma State Cowboys,Purdue Boilermakers,62%,FALSE,72
2010,64757,Texas Tech Red Raiders,Michigan State Spartans,Texas Tech Red Raiders,Alamo Bowl,14749,41,31,9,4,6,7,1,Texas Tech Red Raiders,Michigan State Spartans,69%,FALSE,72
2010,38062,Maryland Terrapins,East Carolina Pirates,Maryland Terrapins,Military Bowl,16230,51,20,9,4,6,7,1,Maryland Terrapins,East Carolina Pirates,69%,FALSE,71
2007,25146,Memphis Tigers,Florida Atlantic Owls,Memphis Tigers,New Orleans Bowl,11681,27,44,7,6,8,5,0,Florida Atlantic Owls,Memphis Tigers,62%,FALSE,71
2006,40331,UCLA Bruins,Florida State Seminoles,UCLA Bruins,Emerald Bowl,10202,27,44,7,6,4,6,0,Florida State Seminoles,UCLA Bruins,40%,FALSE,71
2004,28516,Fresno State Bulldogs,Virginia Cavaliers,Fresno State Bulldogs,MPC Computers Bowl,7301,37,34,9,3,8,4,1,Fresno State Bulldogs,Virginia Cavaliers,75%,FALSE,71
2000,26542,Air Force Falcons,Fresno State Bulldogs,Air Force Falcons,Silicon Valley,1394,37,34,9,3,7,5,1,Air Force Falcons,Fresno State Bulldogs,75%,FALSE,71
2010,38274,Syracuse Orange,Kansas State Wildcats,Syracuse Orange,Pinstripe Bowl,16234,36,34,8,5,7,6,1,Syracuse Orange,Kansas State Wildcats,62%,FALSE,70
2008,43487,Notre Dame Fighting Irish,Hawaii Warriors,Notre Dame Fighting Irish,Hawaii Bowl,13232,49,21,7,6,7,7,1,Notre Dame Fighting Irish,Hawaii Warriors,54%,FALSE,70
2008,36932,Tulsa Golden Hurricane,Bowling Green Falcons,Tulsa Golden Hurricane,GMAC Bowl,11710,63,7,10,4,8,5,1,Tulsa Golden Hurricane,Bowling Green Falcons,71%,FALSE,70
2002,73535,Virginia Cavaliers,West Virginia Mountaineers,Virginia Cavaliers,Continental Tire,4392,48,22,9,5,9,4,1,Virginia Cavaliers,West Virginia Mountaineers,64%,FALSE,70
2002,21689,Texas Tech Red Raiders,Clemson Tigers,Texas Tech Red Raiders,Tangerine Bowl,4384,55,15,9,5,7,6,1,Texas Tech Red Raiders,Clemson Tigers,64%,FALSE,70
2016,39117,North Texas Mean Green,Army West Point Black Knights,North Texas Mean Green,Heart of Dallas Bowl,27082,31,38,5,8,8,5,0,Army West Point Black Knights,North Texas Mean Green,62%,FALSE,69
2015,37888,Pittsburgh Panthers,Houston Cougars,Pittsburgh Panthers,Armed Forces Bowl,23967,34,35,6,7,8,5,0,Houston Cougars,Pittsburgh Panthers,62%,FALSE,69
2011,46177,Purdue Boilermakers,Western Michigan Broncos,Purdue Boilermakers,Little Caesars Bowl,17741,37,32,7,6,7,6,1,Purdue Boilermakers,Western Michigan Broncos,54%,FALSE,69
2005,50616,Akron Zips,Memphis Tigers,Akron Zips,Motor City Bowl,8719,31,38,7,6,7,5,0,Memphis Tigers,Akron Zips,58%,FALSE,69
2005,41332,Missouri Tigers,South Carolina Gamecocks,Missouri Tigers,Independence Bowl,8728,38,31,7,5,7,5,1,Missouri Tigers,South Carolina Gamecocks,58%,FALSE,69
2003,25437,New Mexico Lobos,Oregon State Beavers,New Mexico Lobos,Las Vegas Bowl,5889,14,55,8,5,8,5,0,Oregon State Beavers,New Mexico Lobos,62%,FALSE,69
2016,72117,Ole Miss Rebels,Oklahoma State Cowboys,Ole Miss Rebels,Sugar Bowl,25528,48,20,10,3,10,3,1,Ole Miss Rebels,Oklahoma State Cowboys,77%,FALSE,68
2016,61136,Arkansas Razorbacks,Kansas State Wildcats,Arkansas Razorbacks,Liberty Bowl,25530,45,23,8,5,6,7,1,Arkansas Razorbacks,Kansas State Wildcats,62%,FALSE,68
2014,66896,Arizona Wildcats,Boise State Broncos,Arizona Wildcats,Fiesta Bowl,23962,30,38,10,4,12,2,0,Boise State Broncos,Arizona Wildcats,86%,FALSE,68
2011,67232,Oklahoma Sooners,Connecticut Huskies,Oklahoma Sooners,Fiesta Bowl,16246,48,20,12,2,8,5,1,Oklahoma Sooners,Connecticut Huskies,86%,FALSE,68
2007,27062,Fresno State Bulldogs,Georgia Tech Yellow Jackets,Fresno State Bulldogs,Humanitarian Bowl,11696,40,28,9,4,7,6,1,Fresno State Bulldogs,Georgia Tech Yellow Jackets,69%,FALSE,68
2003,65101,Florida Gators,Michigan Wolverines,Florida Gators,Outback Bowl,4402,30,38,8,5,10,3,0,Michigan Wolverines,Florida Gators,77%,FALSE,68
2000,28359,Minnesota Golden Gophers,North Carolina State Wolfpack,Minnesota Golden Gophers,Micron PC Bowl,1387,30,38,6,6,8,4,0,North Carolina State Wolfpack,Minnesota Golden Gophers,67%,FALSE,68
2014,47809,Duke Blue Devils,Arizona State Sun Devils,Duke Blue Devils,Sun Bowl,23952,31,36,9,4,10,3,0,Arizona State Sun Devils,Duke Blue Devils,77%,FALSE,67
2011,72919,Auburn Tigers,Virginia Cavaliers,Auburn Tigers,Chick-fil-A Bowl,17755,43,24,8,5,8,5,1,Auburn Tigers,Virginia Cavaliers,62%,FALSE,67
2009,41414,Air Force Falcons,Houston Cougars,Air Force Falcons,Armed Forces Bowl,14735,47,20,8,5,10,4,1,Air Force Falcons,Houston Cougars,62%,FALSE,67
2007,39129,Navy Midshipmen,Utah Utes,Navy Midshipmen,Poinsettia Bowl,11680,32,35,8,5,9,4,0,Utah Utes,Navy Midshipmen,69%,FALSE,67
2000,33899,Texas Tech Red Raiders,East Carolina Pirates,Texas Tech Red Raiders,Houston Bowl,1384,27,40,7,6,8,4,0,East Carolina Pirates,Texas Tech Red Raiders,67%,FALSE,67
2016,33868,Air Force Falcons,South Alabama Jaguars,Air Force Falcons,Arizona Bowl,27093,45,21,10,3,6,7,1,Air Force Falcons,South Alabama Jaguars,77%,FALSE,66
2016,19117,Boston College Eagles,Maryland Terrapins,Boston College Eagles,Quick Lane Bowl,27078,36,30,7,6,6,7,1,Boston College Eagles,Maryland Terrapins,54%,FALSE,66
2015,33527,Nebraska Cornhuskers,UCLA Bruins,Nebraska Cornhuskers,Foster Farms Bowl,25539,37,29,6,7,8,5,1,Nebraska Cornhuskers,UCLA Bruins,46%,FALSE,66
2014,34780,Stanford Cardinal,Maryland Terrapins,Stanford Cardinal,Foster Farms Bowl,23958,45,21,8,5,7,6,1,Stanford Cardinal,Maryland Terrapins,62%,FALSE,66
2011,68325,Michigan Wolverines,Mississippi State Bulldogs,Michigan Wolverines,Gator Bowl,16244,14,52,7,6,9,4,0,Mississippi State Bulldogs,Michigan Wolverines,69%,FALSE,66
2010,32431,Toledo Rockets,FIU Golden Panthers,Toledo Rockets,Little Caesars Bowl,16226,32,34,8,5,7,6,0,FIU Golden Panthers,Toledo Rockets,54%,FALSE,66
2008,93923,USC Trojans,Illinois Fighting Illini,USC Trojans,Rose Bowl,11705,49,17,11,2,9,4,1,USC Trojans,Illinois Fighting Illini,85%,FALSE,66
2000,41813,Pittsburgh Panthers,Iowa State Cyclones,Pittsburgh Panthers,Insight Bowl,1388,29,37,7,5,9,3,0,Iowa State Cyclones,Pittsburgh Panthers,75%,FALSE,66
2016,67432,Florida State Seminoles,Michigan Wolverines,Florida State Seminoles,Orange Bowl,27136,33,32,10,3,10,3,1,Florida State Seminoles,Michigan Wolverines,77%,FALSE,65
2016,15262,Tulsa Golden Hurricane,Central Michigan Chippewas,Tulsa Golden Hurricane,Miami Beach Bowl,27081,55,10,10,3,6,7,1,Tulsa Golden Hurricane,Central Michigan Chippewas,77%,FALSE,65
2015,44023,Wisconsin Badgers,Auburn Tigers,Wisconsin Badgers,Outback Bowl,23965,34,31,11,3,8,5,1,Wisconsin Badgers,Auburn Tigers,79%,FALSE,65
2014,94208,Florida State Seminoles,Auburn Tigers,Florida State Seminoles,BCS Championship,20834,34,31,14,0,12,2,1,Florida State Seminoles,Auburn Tigers,100%,FALSE,65
2014,42717,Houston Cougars,Vanderbilt Commodores,Houston Cougars,BBVA Compass Bowl,20832,24,41,8,5,9,4,0,Vanderbilt Commodores,Houston Cougars,69%,FALSE,65
2013,42178,USC Trojans,Fresno State Bulldogs,USC Trojans,Las Vegas Bowl,20807,45,20,10,4,11,2,1,USC Trojans,Fresno State Bulldogs,71%,FALSE,65
2012,50386,Texas Tech Red Raiders,Minnesota Golden Gophers,Texas Tech Red Raiders,Meineke Car Care Bowl,19252,34,31,8,5,6,7,1,Texas Tech Red Raiders,Minnesota Golden Gophers,62%,FALSE,65
2011,83514,Texas A&M Aggies,LSU Tigers,Texas A&M Aggies,Cotton Bowl,16251,24,41,9,4,11,2,0,LSU Tigers,Texas A&M Aggies,85%,FALSE,65
2011,41728,Missouri Tigers,North Carolina Tar Heels,Missouri Tigers,Independence Bowl,17740,41,24,8,5,7,6,1,Missouri Tigers,North Carolina Tar Heels,62%,FALSE,65
2006,45054,Alabama Crimson Tide,Oklahoma State Cowboys,Alabama Crimson Tide,Independence Bowl,10203,31,34,6,7,7,6,0,Oklahoma State Cowboys,Alabama Crimson Tide,54%,FALSE,65
2006,40623,Hawaii Warriors,Arizona State Sun Devils,Hawaii Warriors,Hawaii Bowl,10200,41,24,11,3,7,6,1,Hawaii Warriors,Arizona State Sun Devils,79%,FALSE,65
2005,40519,Minnesota Golden Gophers,Virginia Cavaliers,Minnesota Golden Gophers,Music City Bowl,8726,31,34,7,5,7,5,0,Virginia Cavaliers,Minnesota Golden Gophers,58%,FALSE,65
2004,28237,Georgia Tech Yellow Jackets,Syracuse Orange,Georgia Tech Yellow Jackets,Champs Sports Bowl,7296,51,14,7,5,6,6,1,Georgia Tech Yellow Jackets,Syracuse Orange,58%,FALSE,65
2003,38028,Boise State Broncos,TCU Horned Frogs,Boise State Broncos,Fort Worth Bowl,5888,34,31,13,1,11,2,1,Boise State Broncos,TCU Horned Frogs,93%,FALSE,65
2001,27004,Colorado State Rams,North Texas Eagles,Colorado State Rams,New Orleans Bowl,2884,45,20,7,5,5,7,1,Colorado State Rams,North Texas Eagles,58%,FALSE,65
2000,63278,Texas Longhorns,Oregon Ducks,Texas Longhorns,Holiday Bowl,1392,30,35,9,3,10,2,0,Oregon Ducks,Texas Longhorns,83%,FALSE,65
2009,49653,Georgia Bulldogs,Texas A&M Aggies,Georgia Bulldogs,Independence Bowl,14730,44,20,8,5,6,7,1,Georgia Bulldogs,Texas A&M Aggies,62%,FALSE,64
2009,40018,Brigham Young Cougars,Oregon State Beavers,Brigham Young Cougars,Las Vegas Bowl,14723,44,20,11,2,8,5,1,Brigham Young Cougars,Oregon State Beavers,85%,FALSE,64
2009,32665,California Golden Bears,Utah Utes,California Golden Bears,Poinsettia Bowl,14724,27,37,8,5,10,3,0,Utah Utes,California Golden Bears,77%,FALSE,64
2002,35513,Hawaii Warriors,Tulane Green Wave,Hawaii Warriors,Hawaii Bowl,4386,28,36,10,4,8,5,0,Tulane Green Wave,Hawaii Warriors,62%,FALSE,64
2015,42213,Utah Utes,BYU Cougars,Utah Utes,Las Vegas Bowl,25498,35,28,10,3,9,4,1,Utah Utes,BYU Cougars,77%,FALSE,63
2012,49429,Georgia Bulldogs,Michigan State Spartans,Georgia Bulldogs,Outback Bowl,17758,30,33,10,4,11,3,0,Michigan State Spartans,Georgia Bulldogs,79%,FALSE,63
2008,49103,Minnesota Golden Gophers,Kansas Jayhawks,Minnesota Golden Gophers,Insight Bowl,13246,21,42,7,6,8,5,0,Kansas Jayhawks,Minnesota Golden Gophers,62%,FALSE,63
2007,68661,Florida State Seminoles,Kentucky Wildcats,Florida State Seminoles,Music City Bowl,11698,28,35,2,6,8,5,0,Kentucky Wildcats,Florida State Seminoles,62%,FALSE,63
2005,40053,California Golden Bears,Brigham Young Cougars,California Golden Bears,Las Vegas Bowl,8715,35,28,8,4,6,6,1,California Golden Bears,Brigham Young Cougars,67%,FALSE,63
2004,73425,Ohio State Buckeyes,Kansas State Wildcats,Ohio State Buckeyes,Fiesta Bowl,5910,35,28,11,2,11,4,1,Ohio State Buckeyes,Kansas State Wildcats,85%,FALSE,63
2016,68496,Tennessee Volunteers,Nebraska Cornhuskers,Tennessee Volunteers,Music City Bowl,27092,38,24,9,4,9,4,1,Tennessee Volunteers,Nebraska Cornhuskers,69%,FALSE,62
2015,85689,Oregon Ducks,Ohio State Buckeyes,Oregon Ducks,CFP Championship,23948,20,42,13,2,14,1,0,Ohio State Buckeyes,Oregon Ducks,93%,FALSE,62
2015,71007,Florida State Seminoles,Houston Cougars,Florida State Seminoles,Chick-fil-A Peach Bowl,25522,24,38,10,3,13,1,0,Houston Cougars,Florida State Seminoles,93%,FALSE,62
2015,21501,Northern Illinois Huskies,Boise State Broncos,Northern Illinois Huskies,Poinsettia Bowl,25508,7,55,8,6,9,4,0,Boise State Broncos,Northern Illinois Huskies,69%,FALSE,62
2014,18223,Air Force Falcons,Western Michigan Broncos,Air Force Falcons,Idaho Potato Bowl,22399,38,24,10,3,8,5,1,Air Force Falcons,Western Michigan Broncos,77%,FALSE,62
2012,55801,Vanderbilt Commodores,North Carolina State Wolfpack,Vanderbilt Commodores,Music City Bowl,19258,38,24,9,4,7,6,1,Vanderbilt Commodores,North Carolina State Wolfpack,69%,FALSE,62
2009,93293,USC Trojans,Penn State Nittany Lions,USC Trojans,Rose Bowl,13251,38,24,12,1,11,2,1,USC Trojans,Penn State Nittany Lions,92%,FALSE,62
2008,79651,Ohio State Buckeyes,LSU Tigers,Ohio State Buckeyes,BCS Championship,11711,24,38,11,2,12,2,0,LSU Tigers,Ohio State Buckeyes,86%,FALSE,62
2008,41127,Air Force Falcons,Houston Cougars,Air Force Falcons,Armed Forces Bowl,13243,28,34,8,5,8,5,0,Houston Cougars,Air Force Falcons,62%,FALSE,62
2004,23118,Tulsa Golden Hurricane,Georgia Tech Yellow Jackets,Tulsa Golden Hurricane,Humanitarian Bowl,5911,10,52,8,5,7,6,0,Georgia Tech Yellow Jackets,Tulsa Golden Hurricane,54%,FALSE,62
2002,59693,Tennessee Volunteers,Michigan Wolverines,Tennessee Volunteers,Florida Citrus Bowl,2905,45,17,11,2,8,4,1,Tennessee Volunteers,Michigan Wolverines,85%,FALSE,62
2016,94268,Iowa Hawkeyes,Stanford Cardinal,Iowa Hawkeyes,Rose Bowl,25527,16,45,12,2,12,2,0,Stanford Cardinal,Iowa Hawkeyes,86%,FALSE,61
2016,68412,Kansas State Wildcats,Texas A&M Aggies,Kansas State Wildcats,Texas Bowl,27087,33,28,9,4,8,5,1,Kansas State Wildcats,Texas A&M Aggies,69%,FALSE,61
2014,49012,Penn State Nittany Lions,Boston College Eagles,Penn State Nittany Lions,Pinstripe Bowl,23947,31,30,7,6,7,6,1,Penn State Nittany Lions,Boston College Eagles,54%,FALSE,61
2014,26675,UCF Knights,North Carolina State Wolfpack,UCF Knights,St. Petersburg Bowl,23950,27,34,9,4,8,5,0,North Carolina State Wolfpack,UCF Knights,62%,FALSE,61
2014,23876,North Carolina Tar Heels,Rutgers Scarlet Knights,North Carolina Tar Heels,Quick Lane Bowl,23949,21,40,6,7,8,5,0,Rutgers Scarlet Knights,North Carolina Tar Heels,62%,FALSE,61
2014,20256,Bowling Green Falcons,South Alabama Jaguars,Bowling Green Falcons,Camellia Bowl,23938,33,28,8,6,6,7,1,Bowling Green Falcons,South Alabama Jaguars,57%,FALSE,61
2013,54527,Michigan Wolverines,South Carolina Gamecocks,Michigan Wolverines,Outback Bowl,19264,28,33,8,5,11,2,0,South Carolina Gamecocks,Michigan Wolverines,85%,FALSE,61
2013,36917,Boston College Eagles,Arizona Wildcats,Boston College Eagles,Advocare V100 Bowl,20820,19,42,7,6,8,5,0,Arizona Wildcats,Boston College Eagles,62%,FALSE,61
2013,29106,Oregon State Beavers,Boise State Broncos,Oregon State Beavers,Hawaii Bowl,20810,38,23,7,6,8,5,1,Oregon State Beavers,Boise State Broncos,54%,FALSE,61
2011,60574,Penn State Nittany Lions,Florida Gators,Penn State Nittany Lions,Outback Bowl,16243,24,37,7,6,8,5,0,Florida Gators,Penn State Nittany Lions,62%,FALSE,61
2008,73712,North Carolina Tar Heels,West Virginia Mountaineers,North Carolina Tar Heels,Meineke Bowl,13234,30,31,8,5,9,4,0,West Virginia Mountaineers,North Carolina Tar Heels,69%,FALSE,61
2004,70412,North Carolina Tar Heels,Boston College Eagles,North Carolina Tar Heels,Continental Tire,7307,24,37,6,6,9,3,0,Boston College Eagles,North Carolina Tar Heels,75%,FALSE,61
2004,64565,Purdue Boilermakers,Georgia Bulldogs,Purdue Boilermakers,Capital One Bowl,5905,27,34,9,4,11,3,0,Georgia Bulldogs,Purdue Boilermakers,79%,FALSE,61
2004,27235,UTEP Miners,Colorado Buffaloes,UTEP Miners,Houston Bowl,7305,28,33,8,4,8,5,0,Colorado Buffaloes,UTEP Miners,62%,FALSE,61
2003,49894,Minnesota Golden Gophers,Oregon Ducks,Minnesota Golden Gophers,Sun Bowl,5899,31,30,10,3,8,5,1,Minnesota Golden Gophers,Oregon Ducks,77%,FALSE,61
2002,58717,Arizona State Sun Devils,Kansas State Wildcats,Arizona State Sun Devils,Holiday Bowl,4391,27,34,8,6,11,2,0,Kansas State Wildcats,Arizona State Sun Devils,85%,FALSE,61
2001,68741,Virginia Tech Hokies,Clemson Tigers,Virginia Tech Hokies,Gator Bowl,1398,41,20,11,1,9,3,1,Virginia Tech Hokies,Clemson Tigers,92%,FALSE,61
2000,26203,UTEP Miners,Boise State Broncos,UTEP Miners,Humanitarian Bowl,1385,23,38,8,4,10,2,0,Boise State Broncos,UTEP Miners,83%,FALSE,61
2016,26656,Wake Forest Demon Deacons,Temple Owls,Wake Forest Demon Deacons,Military Bowl,27083,34,26,7,6,10,4,1,Wake Forest Demon Deacons,Temple Owls,54%,FALSE,60
2015,21395,Appalachian State Mountaineers,Ohio Bobcats,Appalachian State Mountaineers,Camellia Bowl,25506,31,29,11,2,8,5,1,Appalachian State Mountaineers,Ohio Bobcats,85%,FALSE,60
2013,52930,Texas Tech Red Raiders,Arizona State Sun Devils,Texas Tech Red Raiders,Holiday Bowl,20819,37,23,8,5,10,4,1,Texas Tech Red Raiders,Arizona State Sun Devils,62%,FALSE,60
2005,62000,Nebraska Cornhuskers,Michigan Wolverines,Nebraska Cornhuskers,Alamo Bowl,8723,32,28,8,4,7,5,1,Nebraska Cornhuskers,Michigan Wolverines,67%,FALSE,60
2001,47812,Washington State Cougars,Purdue Boilermakers,Washington State Cougars,Sun Bowl,2898,33,27,10,2,6,6,1,Washington State Cougars,Purdue Boilermakers,83%,FALSE,60
2016,46902,Virginia Tech Hokies,Arkansas Razorbacks,Virginia Tech Hokies,Belk Bowl,27104,35,24,10,4,7,6,1,Virginia Tech Hokies,Arkansas Razorbacks,71%,FALSE,59
2016,0,Toledo Rockets,Appalachian State Mountaineers,Toledo Rockets,Camellia Bowl,27077,28,31,9,4,10,3,0,Appalachian State Mountaineers,Toledo Rockets,77%,FALSE,59
2014,60419,LSU Tigers,Notre Dame Fighting Irish,LSU Tigers,Music City Bowl,23957,28,31,8,5,8,5,0,Notre Dame Fighting Irish,LSU Tigers,62%,FALSE,59
2012,41853,Louisiana-Monroe Warhawks,Ohio Bobcats,Louisiana-Monroe Warhawks,Independence Bowl,19250,14,45,8,5,9,4,0,Ohio Bobcats,Louisiana-Monroe Warhawks,69%,FALSE,59
2010,20017,Louisville Cardinals,Southern Miss Golden Eagles,Louisville Cardinals,Beef 'O' Brady's Bowl,16222,31,28,7,6,8,5,1,Louisville Cardinals,Southern Miss Golden Eagles,54%,FALSE,59
2008,60243,Virginia Cavaliers,Texas Tech Red Raiders,Virginia Cavaliers,Gator Bowl,11704,28,31,9,4,9,4,0,Texas Tech Red Raiders,Virginia Cavaliers,69%,FALSE,59
2006,63780,Virginia Tech Hokies,Louisville Cardinals,Virginia Tech Hokies,Gator Bowl,8735,35,24,11,2,9,3,1,Virginia Tech Hokies,Louisville Cardinals,85%,FALSE,59
2004,73928,Mississippi Rebels,Oklahoma State Cowboys,Mississippi Rebels,Cotton Bowl,5908,31,28,10,3,9,4,1,Mississippi Rebels,Oklahoma State Cowboys,77%,FALSE,59
2004,45917,Oregon State Beavers,Notre Dame Fighting Irish,Oregon State Beavers,Insight Bowl,7304,38,21,7,5,6,6,1,Oregon State Beavers,Notre Dame Fighting Irish,58%,FALSE,59
2002,66249,South Carolina Gamecocks,Ohio State Buckeyes,South Carolina Gamecocks,Outback Bowl,2903,31,28,9,3,7,5,1,South Carolina Gamecocks,Ohio State Buckeyes,75%,FALSE,59
2002,50690,Wisconsin Badgers,Colorado Buffaloes,Wisconsin Badgers,Alamo Bowl,4393,31,28,8,6,9,5,1,Wisconsin Badgers,Colorado Buffaloes,57%,FALSE,59
2001,66928,Michigan Wolverines,Auburn Tigers,Michigan Wolverines,Florida Citrus Bowl,1399,31,28,9,3,9,4,1,Michigan Wolverines,Auburn Tigers,75%,FALSE,59
2016,28995,Vanderbilt Commodores,North Carolina State Wolfpack,Vanderbilt Commodores,Independence Bowl,27103,17,41,6,7,7,6,0,North Carolina State Wolfpack,Vanderbilt Commodores,54%,FALSE,58
2014,56629,South Carolina Gamecocks,Wisconsin Badgers,South Carolina Gamecocks,Capital One Bowl,20826,34,24,11,2,9,4,1,South Carolina Gamecocks,Wisconsin Badgers,85%,FALSE,58
2012,65277,Oregon State Beavers,Texas Longhorns,Oregon State Beavers,Alamo Bowl,19256,27,31,9,4,9,4,0,Texas Longhorns,Oregon State Beavers,69%,FALSE,58
2012,38734,Northern Illinois Huskies,Arkansas State Red Wolves,Northern Illinois Huskies,GoDaddy.Com Bowl,17767,38,20,11,3,10,3,1,Northern Illinois Huskies,Arkansas State Red Wolves,79%,FALSE,58
2010,94906,Alabama Crimson Tide,Texas Longhorns,Alabama Crimson Tide,BCS Championship,14753,37,21,14,0,13,1,1,Alabama Crimson Tide,Texas Longhorns,100%,FALSE,58
2009,53713,Stanford Cardinal,Oklahoma Sooners,Stanford Cardinal,Sun Bowl,14736,27,31,8,5,8,5,0,Oklahoma Sooners,Stanford Cardinal,62%,FALSE,58
2009,40184,Connecticut Huskies,Buffalo Bulls,Connecticut Huskies,International Bowl,13256,38,20,8,5,8,6,1,Connecticut Huskies,Buffalo Bulls,62%,FALSE,58
2009,32816,Tulsa Golden Hurricane,Ball State Cardinals,Tulsa Golden Hurricane,GMAC Bowl,13258,45,13,11,3,12,2,1,Tulsa Golden Hurricane,Ball State Cardinals,79%,FALSE,58
2006,24791,Troy Trojans,Rice Owls,Troy Trojans,New Orleans Bowl,10196,41,17,8,5,7,6,1,Troy Trojans,Rice Owls,62%,FALSE,58
2005,35422,UTEP Miners,Toledo Rockets,UTEP Miners,GMAC Bowl,8714,13,45,8,4,9,3,0,Toledo Rockets,UTEP Miners,75%,FALSE,58
2002,48917,Washington Huskies,Purdue Boilermakers,Washington Huskies,Sun Bowl,4397,24,34,7,6,7,6,0,Purdue Boilermakers,Washington Huskies,54%,FALSE,58
2001,94392,Washington Huskies,Purdue Boilermakers,Washington Huskies,Rose Bowl,1400,34,24,11,1,8,4,1,Washington Huskies,Purdue Boilermakers,92%,FALSE,58
2013,26259,Bowling Green Falcons,Pittsburgh Panthers,Bowling Green Falcons,Little Caesars Bowl,20836,27,30,10,4,7,6,0,Pittsburgh Panthers,Bowling Green Falcons,54%,FALSE,57
2013,20053,East Carolina Pirates,Ohio Bobcats,East Carolina Pirates,Beef 'O' Brady's Bowl,20839,37,20,10,3,7,6,1,East Carolina Pirates,Ohio Bobcats,77%,FALSE,57
2011,73879,Arkansas Razorbacks,Ohio State Buckeyes,Arkansas Razorbacks,Sugar Bowl,16248,26,31,10,3,12,1,0,Ohio State Buckeyes,Arkansas Razorbacks,92%,FALSE,57
2011,48123,Utah Utes,Georgia Tech Yellow Jackets,Utah Utes,Sun Bowl,17752,30,27,8,5,8,5,1,Utah Utes,Georgia Tech Yellow Jackets,62%,FALSE,57
2010,69143,Tennessee Volunteers,North Carolina Tar Heels,Tennessee Volunteers,Music City Bowl,16235,27,30,6,7,8,5,0,North Carolina Tar Heels,Tennessee Volunteers,62%,FALSE,57
2010,41122,Clemson Tigers,South Florida Bulls,Clemson Tigers,Meineke Bowl,16237,26,31,6,7,8,5,0,South Florida Bulls,Clemson Tigers,62%,FALSE,57
2001,64407,Miami (FL) Hurricanes,Florida Gators,Miami (FL) Hurricanes,Sugar Bowl,1402,37,20,11,1,10,3,1,Miami (FL) Hurricanes,Florida Gators,92%,FALSE,57
2013,80120,Notre Dame Fighting Irish,Alabama Crimson Tide,Notre Dame Fighting Irish,BCS Championship,19274,14,42,12,1,13,1,0,Alabama Crimson Tide,Notre Dame Fighting Irish,93%,FALSE,56
2013,54178,Florida Gators,Louisville Cardinals,Florida Gators,Sugar Bowl,19268,23,33,11,2,11,2,0,Louisville Cardinals,Florida Gators,85%,FALSE,56
2013,45211,North Carolina Tar Heels,Cincinnati Bearcats,North Carolina Tar Heels,Belk Bowl,20835,39,17,7,6,9,4,1,North Carolina Tar Heels,Cincinnati Bearcats,54%,FALSE,56
2011,61519,Michigan State Spartans,Alabama Crimson Tide,Michigan State Spartans,Capital One Bowl,16242,7,49,11,2,10,3,0,Alabama Crimson Tide,Michigan State Spartans,77%,FALSE,56
2011,38168,Miami (OH) RedHawks,Middle Tennessee Blue Raiders,Miami (OH) RedHawks,GoDaddy.Com Bowl,16249,35,21,10,4,6,7,1,Miami (OH) RedHawks,Middle Tennessee Blue Raiders,71%,FALSE,56
2003,25621,Colorado State Rams,Boston College Eagles,Colorado State Rams,San Francisco Bowl,5902,21,35,7,6,8,5,0,Boston College Eagles,Colorado State Rams,62%,FALSE,56
2002,44687,Oklahoma State Cowboys,Southern Mississippi Golden Eagles,Oklahoma State Cowboys,Houston Bowl,4389,33,23,8,5,7,6,1,Oklahoma State Cowboys,Southern Mississippi Golden Eagles,62%,FALSE,56
2001,63465,Tennessee Volunteers,Kansas State Wildcats,Tennessee Volunteers,Cotton Bowl,1397,21,35,8,4,11,3,0,Kansas State Wildcats,Tennessee Volunteers,79%,FALSE,56
2016,37918,Northwestern Wildcats,Pittsburgh Panthers,Northwestern Wildcats,Pinstripe Bowl,27085,31,24,7,6,8,5,1,Northwestern Wildcats,Pittsburgh Panthers,54%,FALSE,55
2014,33067,Colorado State Rams,Utah Utes,Colorado State Rams,Las Vegas Bowl,22400,10,45,10,3,9,4,0,Utah Utes,Colorado State Rams,69%,FALSE,55
2013,59135,Mississippi Rebels,Pittsburgh Panthers,Mississippi Rebels,BBVA Compass Bowl,19271,38,17,7,6,6,7,1,Mississippi Rebels,Pittsburgh Panthers,54%,FALSE,55
2012,21759,UCF Knights,Ball State Cardinals,UCF Knights,Beef 'O' Brady's Bowl,19242,38,17,10,4,9,4,1,UCF Knights,Ball State Cardinals,71%,FALSE,55
2011,68395,Northwestern Wildcats,Texas A&M Aggies,Northwestern Wildcats,Meineke Car Care Bowl,17751,22,33,6,7,7,6,0,Texas A&M Aggies,Northwestern Wildcats,54%,FALSE,55
2011,58427,North Carolina State Wolfpack,Louisville Cardinals,North Carolina State Wolfpack,Belk Bowl,17742,31,24,8,5,7,6,1,North Carolina State Wolfpack,Louisville Cardinals,62%,FALSE,55
2011,57103,Vanderbilt Commodores,Cincinnati Bearcats,Vanderbilt Commodores,Liberty Bowl,17754,24,31,6,7,10,3,0,Cincinnati Bearcats,Vanderbilt Commodores,77%,FALSE,55
2011,24607,Louisiana Tech Bulldogs,TCU Horned Frogs,Louisiana Tech Bulldogs,Poinsettia Bowl,17737,24,31,8,5,11,2,0,TCU Horned Frogs,Louisiana Tech Bulldogs,85%,FALSE,55
2009,32650,Southern Methodist Mustangs,Nevada Wolf Pack,Southern Methodist Mustangs,Hawaii Bowl,14725,45,10,8,5,8,5,1,Southern Methodist Mustangs,Nevada Wolf Pack,62%,FALSE,55
2008,52692,Florida State Seminoles,Wisconsin Badgers,Florida State Seminoles,Champs Sports Bowl,13235,42,13,9,4,7,6,1,Florida State Seminoles,Wisconsin Badgers,69%,FALSE,55
2007,77781,LSU Tigers,Notre Dame Fighting Irish,LSU Tigers,Sugar Bowl,10222,41,14,11,2,10,3,1,LSU Tigers,Notre Dame Fighting Irish,85%,FALSE,55
2007,74628,Ohio State Buckeyes,Florida Gators,Ohio State Buckeyes,BCS Championship,10225,14,41,12,1,13,1,0,Florida Gators,Ohio State Buckeyes,93%,FALSE,55
2006,75406,Virginia Tech Hokies,Georgia Bulldogs,Virginia Tech Hokies,Chick-fil-A Bowl,10213,24,31,10,3,9,4,0,Georgia Bulldogs,Virginia Tech Hokies,69%,FALSE,55
2006,65881,Florida Gators,Iowa Hawkeyes,Florida Gators,Outback Bowl,8734,31,24,9,3,7,5,1,Florida Gators,Iowa Hawkeyes,75%,FALSE,55
2006,62395,California Golden Bears,Texas A&M Aggies,California Golden Bears,Holiday Bowl,10204,45,10,10,3,9,4,1,California Golden Bears,Texas A&M Aggies,77%,FALSE,55
2005,70229,Iowa Hawkeyes,LSU Tigers,Iowa Hawkeyes,Capital One Bowl,7318,30,25,10,2,9,3,1,Iowa Hawkeyes,LSU Tigers,83%,FALSE,55
2005,54894,Tulsa Golden Hurricane,Fresno State Bulldogs,Tulsa Golden Hurricane,Liberty Bowl,8731,31,24,9,4,8,5,1,Tulsa Golden Hurricane,Fresno State Bulldogs,69%,FALSE,55
2005,33505,Houston Cougars,Kansas Jayhawks,Houston Cougars,Fort Worth Bowl,8717,13,42,6,6,7,5,0,Kansas Jayhawks,Houston Cougars,58%,FALSE,55
2004,21456,Northern Illinois Huskies,Troy Trojans,Northern Illinois Huskies,Silicon Valley,7310,34,21,9,3,7,5,1,Northern Illinois Huskies,Troy Trojans,75%,FALSE,55
2003,77502,Miami (FL) Hurricanes,Ohio State Buckeyes,Miami (FL) Hurricanes,Fiesta Bowl,4409,24,31,12,1,14,0,0,Ohio State Buckeyes,Miami (FL) Hurricanes,100%,FALSE,55
2003,75971,USC Trojans,Iowa Hawkeyes,USC Trojans,Orange Bowl,4408,38,17,11,2,11,2,1,USC Trojans,Iowa Hawkeyes,85%,FALSE,55
2003,70817,LSU Tigers,Texas Longhorns,LSU Tigers,Cotton Bowl,4403,20,35,8,5,11,2,0,Texas Longhorns,LSU Tigers,85%,FALSE,55
2002,38241,Wake Forest Demon Deacons,Oregon Ducks,Wake Forest Demon Deacons,Seattle Bowl,4395,38,17,7,6,7,6,1,Wake Forest Demon Deacons,Oregon Ducks,54%,FALSE,55
2016,51087,TCU Horned Frogs,Georgia Bulldogs,TCU Horned Frogs,Liberty Bowl,27090,23,31,6,7,8,5,0,Georgia Bulldogs,TCU Horned Frogs,62%,FALSE,54
2015,67615,Clemson Tigers,Oklahoma Sooners,Clemson Tigers,Orange Bowl,25523,37,17,14,0,11,2,1,Clemson Tigers,Oklahoma Sooners,100%,FALSE,54
2013,87025,Oklahoma Sooners,Texas A&M Aggies,Oklahoma Sooners,Cotton Bowl,19270,13,41,10,3,11,2,0,Texas A&M Aggies,Oklahoma Sooners,85%,FALSE,54
2013,48612,Northwestern Wildcats,Mississippi State Bulldogs,Northwestern Wildcats,Gator Bowl,19262,34,20,10,3,8,5,1,Northwestern Wildcats,Mississippi State Bulldogs,77%,FALSE,54
2013,47912,UCLA Bruins,Virginia Tech Hokies,UCLA Bruins,Sun Bowl,20821,42,12,10,3,8,5,1,UCLA Bruins,Virginia Tech Hokies,77%,FALSE,54
2012,33217,Boise State Broncos,Washington Huskies,Boise State Broncos,MAACO Bowl,19244,28,26,11,2,7,6,1,Boise State Broncos,Washington Huskies,85%,FALSE,54
2010,84129,Florida State Seminoles,West Virginia Mountaineers,Florida State Seminoles,Gator Bowl,14741,33,21,7,6,9,4,1,Florida State Seminoles,West Virginia Mountaineers,54%,FALSE,54
2007,47043,Colorado Buffaloes,Alabama Crimson Tide,Colorado Buffaloes,Independence Bowl,11694,24,30,6,6,7,6,0,Alabama Crimson Tide,Colorado Buffaloes,54%,FALSE,54
2006,76196,Ohio State Buckeyes,Notre Dame Fighting Irish,Ohio State Buckeyes,Fiesta Bowl,8737,34,20,10,2,9,3,1,Ohio State Buckeyes,Notre Dame Fighting Irish,83%,FALSE,54
2004,65372,Florida Gators,Iowa Hawkeyes,Florida Gators,Outback Bowl,5903,17,37,8,5,10,3,0,Iowa Hawkeyes,Florida Gators,77%,FALSE,54
2002,74118,Oregon Ducks,Colorado Buffaloes,Oregon Ducks,Fiesta Bowl,2906,38,16,11,1,10,3,1,Oregon Ducks,Colorado Buffaloes,92%,FALSE,54
2014,31297,Louisiana Tech Bulldogs,Illinois Fighting Illini,Louisiana Tech Bulldogs,Heart of Dallas Bowl,23946,35,18,9,5,6,7,1,Louisiana Tech Bulldogs,Illinois Fighting Illini,64%,FALSE,53
2012,30024,Southern Methodist Mustangs,Fresno State Bulldogs,Southern Methodist Mustangs,Hawaii Bowl,19245,43,10,7,6,9,4,1,Southern Methodist Mustangs,Fresno State Bulldogs,54%,FALSE,53
2008,55986,Northwestern Wildcats,Missouri Tigers,Northwestern Wildcats,Alamo Bowl,13239,23,30,9,4,10,4,0,Missouri Tigers,Northwestern Wildcats,71%,FALSE,53
2004,30563,Navy Midshipmen,New Mexico Lobos,Navy Midshipmen,Emerald Bowl,7308,34,19,10,2,7,5,1,Navy Midshipmen,New Mexico Lobos,83%,FALSE,53
2002,40646,Marshall Thundering Herd,Louisville Cardinals,Marshall Thundering Herd,GMAC Bowl,4382,38,15,11,2,7,6,1,Marshall Thundering Herd,Louisville Cardinals,85%,FALSE,53
2001,28562,North Carolina State Wolfpack,Pittsburgh Panthers,North Carolina State Wolfpack,Tangerine Bowl,2886,19,34,7,5,7,5,0,Pittsburgh Panthers,North Carolina State Wolfpack,58%,FALSE,53
2015,35409,Oklahoma State Cowboys,Washington Huskies,Oklahoma State Cowboys,Cactus Bowl,23970,30,22,7,6,8,6,1,Oklahoma State Cowboys,Washington Huskies,54%,FALSE,52
2013,70242,Kansas State Wildcats,Oregon Ducks,Kansas State Wildcats,Fiesta Bowl,19269,17,35,11,2,12,1,0,Oregon Ducks,Kansas State Wildcats,92%,FALSE,52
2012,39098,Syracuse Orange,West Virginia Mountaineers,Syracuse Orange,Pinstripe Bowl,19254,38,14,8,5,7,6,1,Syracuse Orange,West Virginia Mountaineers,62%,FALSE,52
2011,65453,Virginia Tech Hokies,Stanford Cardinal,Virginia Tech Hokies,Discover Orange Bowl,16247,12,40,11,3,12,1,0,Stanford Cardinal,Virginia Tech Hokies,92%,FALSE,52
2010,68211,Baylor Bears,Illinois Fighting Illini,Baylor Bears,Texas Bowl,16231,14,38,7,6,7,6,0,Illinois Fighting Illini,Baylor Bears,54%,FALSE,52
2008,58880,Rice Owls,Western Michigan Broncos,Rice Owls,Texas Bowl,13242,38,14,10,3,9,4,1,Rice Owls,Western Michigan Broncos,77%,FALSE,52
2008,38582,Rutgers Scarlet Knights,North Carolina State Wolfpack,Rutgers Scarlet Knights,Papa John's.com Bowl,13238,29,23,8,5,6,7,1,Rutgers Scarlet Knights,North Carolina State Wolfpack,62%,FALSE,52
2007,35258,Cincinnati Bearcats,Southern Miss Golden Eagles,Cincinnati Bearcats,Papa John's.com Bowl,11682,31,21,10,3,7,6,1,Cincinnati Bearcats,Southern Miss Golden Eagles,77%,FALSE,52
2004,16771,Montana Grizzlies,James Madison Dukes,Montana Grizzlies,Div I-AA Title Game,7295,21,31,12,3,13,2,0,James Madison Dukes,Montana Grizzlies,87%,FALSE,52
2003,51286,Bowling Green Falcons,Northwestern Wildcats,Bowling Green Falcons,Motor City Bowl,5891,28,24,11,3,6,7,1,Bowling Green Falcons,Northwestern Wildcats,79%,FALSE,52
2003,51068,Texas Tech Red Raiders,Navy Midshipmen,Texas Tech Red Raiders,Houston Bowl,5895,38,14,8,5,8,5,1,Texas Tech Red Raiders,Navy Midshipmen,62%,FALSE,52
2000,17156,Montana Grizzlies,Georgia Southern Eagles,Montana Grizzlies,Div I-AA Title Game,1378,25,27,13,2,13,2,0,Georgia Southern Eagles,Montana Grizzlies,87%,FALSE,52
2016,53202,Tennessee Volunteers,Northwestern Wildcats,Tennessee Volunteers,Outback Bowl,25525,45,6,9,4,10,3,1,Tennessee Volunteers,Northwestern Wildcats,69%,FALSE,51
2016,43102,Kentucky Wildcats,Georgia Tech Yellow Jackets,Kentucky Wildcats,Taxslayer Bowl,27094,18,33,7,6,9,4,0,Georgia Tech Yellow Jackets,Kentucky Wildcats,69%,FALSE,51
2016,32377,Troy Trojans,Ohio Bobcats,Troy Trojans,Dollar General Bowl,27075,28,23,10,3,8,6,1,Troy Trojans,Ohio Bobcats,77%,FALSE,51
2015,20425,Colorado State Rams,Nevada Wolf Pack,Colorado State Rams,Arizona Bowl,25517,23,28,7,6,7,6,0,Nevada Wolf Pack,Colorado State Rams,54%,FALSE,51
2014,45671,Louisville Cardinals,Georgia Bulldogs,Louisville Cardinals,Belk Bowl,23961,14,37,9,4,10,3,0,Georgia Bulldogs,Louisville Cardinals,77%,FALSE,51
2013,57846,Mississippi State Bulldogs,Rice Owls,Mississippi State Bulldogs,Liberty Bowl,20822,44,7,7,6,10,4,1,Mississippi State Bulldogs,Rice Owls,54%,FALSE,51
2013,30163,Maryland Terrapins,Marshall Thundering Herd,Maryland Terrapins,Military Bowl,20812,20,31,7,6,10,4,0,Marshall Thundering Herd,Maryland Terrapins,71%,FALSE,51
2010,53453,Iowa Hawkeyes,Missouri Tigers,Iowa Hawkeyes,Insight Bowl,16229,27,24,8,5,10,3,1,Iowa Hawkeyes,Missouri Tigers,62%,FALSE,51
2009,73777,Tennessee Volunteers,Virginia Tech Hokies,Tennessee Volunteers,Chick-fil-A Bowl,14739,14,37,7,6,10,3,0,Virginia Tech Hokies,Tennessee Volunteers,77%,FALSE,51
2009,23072,Temple Owls,UCLA Bruins,Temple Owls,EagleBank Bowl,14731,21,30,9,4,7,6,0,UCLA Bruins,Temple Owls,54%,FALSE,51
2008,74383,Georgia Bulldogs,Hawaii Warriors,Georgia Bulldogs,Sugar Bowl,11706,41,10,11,2,12,1,1,Georgia Bulldogs,Hawaii Warriors,85%,FALSE,51
2007,26717,Cincinnati Bearcats,Western Michigan Broncos,Cincinnati Bearcats,International Bowl,10223,27,24,8,5,8,4,1,Cincinnati Bearcats,Western Michigan Broncos,62%,FALSE,51
2005,37286,Iowa State Cyclones,TCU Horned Frogs,Iowa State Cyclones,Houston Bowl,8732,24,27,7,5,11,1,0,TCU Horned Frogs,Iowa State Cyclones,92%,FALSE,51
2002,93781,Miami (FL) Hurricanes,Nebraska Cornhuskers,Miami (FL) Hurricanes,Rose Bowl,2909,37,14,12,0,11,2,1,Miami (FL) Hurricanes,Nebraska Cornhuskers,100%,FALSE,51
2002,40533,Oregon State Beavers,Pittsburgh Panthers,Oregon State Beavers,Insight Bowl,4388,13,38,8,5,9,4,0,Pittsburgh Panthers,Oregon State Beavers,69%,FALSE,51
2002,10142,Fresno State Bulldogs,Georgia Tech Yellow Jackets,Fresno State Bulldogs,Silicon Valley,4399,30,21,9,5,7,6,1,Fresno State Bulldogs,Georgia Tech Yellow Jackets,64%,FALSE,51
2000,24187,Georgia Bulldogs,Virginia Cavaliers,Georgia Bulldogs,Oahu Bowl,1381,37,14,8,4,6,6,1,Georgia Bulldogs,Virginia Cavaliers,67%,FALSE,51
2016,0,Utah Utes,Indiana Hoosiers,Utah Utes,Foster Farms Bowl,27105,26,24,9,4,6,7,1,Utah Utes,Indiana Hoosiers,69%,FALSE,50
2015,48624,Minnesota Golden Gophers,Missouri Tigers,Minnesota Golden Gophers,Citrus Bowl,23966,17,33,8,5,11,3,0,Missouri Tigers,Minnesota Golden Gophers,79%,FALSE,50
2014,38380,North Texas Mean Green,UNLV Rebels,North Texas Mean Green,Heart of Dallas Bowl,20825,36,14,9,4,7,6,1,North Texas Mean Green,UNLV Rebels,69%,FALSE,50
2014,34277,Virginia Tech Hokies,Cincinnati Bearcats,Virginia Tech Hokies,Military Bowl,23951,33,17,7,6,9,4,1,Virginia Tech Hokies,Cincinnati Bearcats,54%,FALSE,50
2010,54021,Miami (FL) Hurricanes,Notre Dame Fighting Irish,Miami (FL) Hurricanes,Sun Bowl,16238,17,33,7,6,8,5,0,Notre Dame Fighting Irish,Miami (FL) Hurricanes,62%,FALSE,50
2007,93852,Michigan Wolverines,USC Trojans,Michigan Wolverines,Rose Bowl,10219,18,32,11,2,11,2,0,USC Trojans,Michigan Wolverines,85%,FALSE,50
2006,65875,Iowa Hawkeyes,Texas Longhorns,Iowa Hawkeyes,Alamo Bowl,10212,24,26,6,7,10,3,0,Texas Longhorns,Iowa Hawkeyes,77%,FALSE,50
2005,18338,Arkansas State Indians,Southern Miss Golden Eagles,Arkansas State Indians,New Orleans Bowl,8713,19,31,6,6,7,5,0,Southern Miss Golden Eagles,Arkansas State Indians,58%,FALSE,50
2004,51288,Purdue Boilermakers,Arizona State Sun Devils,Purdue Boilermakers,Sun Bowl,7312,23,27,7,5,9,3,0,Arizona State Sun Devils,Purdue Boilermakers,75%,FALSE,50
2002,46096,Mississippi Rebels,Nebraska Cornhuskers,Mississippi Rebels,Independence Bowl,4390,27,23,7,6,7,7,1,Mississippi Rebels,Nebraska Cornhuskers,54%,FALSE,50
2002,30446,Boise State Broncos,Iowa State Cyclones,Boise State Broncos,Humanitarian Bowl,4396,34,16,12,1,7,7,1,Boise State Broncos,Iowa State Cyclones,92%,FALSE,50
2001,75428,Oregon State Beavers,Notre Dame Fighting Irish,Oregon State Beavers,Fiesta Bowl,1401,41,9,11,1,9,3,1,Oregon State Beavers,Notre Dame Fighting Irish,92%,FALSE,50
2016,35061,Louisiana-Lafayette Ragin' Cajuns,Southern Miss Golden Eagles,Louisiana-Lafayette Ragin' Cajuns,New Orleans Bowl,27070,21,28,6,7,7,6,0,Southern Miss Golden Eagles,Louisiana-Lafayette Ragin' Cajuns,54%,FALSE,49
2015,25908,Toledo Rockets,Temple Owls,Toledo Rockets,Boca Raton Bowl,25505,32,17,10,2,10,4,1,Toledo Rockets,Temple Owls,83%,FALSE,49
2015,22793,Cincinnati Bearcats,San Diego State Aztecs,Cincinnati Bearcats,Hawaii Bowl,25510,7,42,7,6,11,3,0,San Diego State Aztecs,Cincinnati Bearcats,79%,FALSE,49
2012,68027,Clemson Tigers,LSU Tigers,Clemson Tigers,Chick-fil-A Bowl,19261,25,24,11,2,10,3,1,Clemson Tigers,LSU Tigers,85%,FALSE,49
2012,17835,Bowling Green Falcons,San Jose State Spartans,Bowling Green Falcons,Military Bowl,19247,20,29,8,5,11,2,0,San Jose State Spartans,Bowling Green Falcons,85%,FALSE,49
2010,48049,San Diego State Aztecs,Navy Midshipmen,San Diego State Aztecs,Poinsettia Bowl,16224,35,14,9,4,9,4,1,San Diego State Aztecs,Navy Midshipmen,69%,FALSE,49
2006,77773,Florida State Seminoles,Penn State Nittany Lions,Florida State Seminoles,Orange Bowl,8739,23,26,8,5,11,1,0,Penn State Nittany Lions,Florida State Seminoles,92%,FALSE,49
2006,52303,Boston College Eagles,Navy Midshipmen,Boston College Eagles,Meineke Bowl,10211,25,24,10,3,9,4,1,Boston College Eagles,Navy Midshipmen,77%,FALSE,49
2004,52552,Connecticut Huskies,Toledo Rockets,Connecticut Huskies,Motor City Bowl,7302,39,10,8,4,9,4,1,Connecticut Huskies,Toledo Rockets,67%,FALSE,49
2000,40300,Southern Mississippi Golden Eagles,Texas Christian Horned Frogs,Southern Mississippi Golden Eagles,Mobile Bowl,1379,28,21,8,4,10,2,1,Southern Mississippi Golden Eagles,Texas Christian Horned Frogs,67%,FALSE,49
2016,63113,Florida Gators,Michigan Wolverines,Florida Gators,Citrus Bowl,25526,7,41,10,4,10,3,0,Michigan Wolverines,Florida Gators,77%,FALSE,48
2016,42166,North Carolina Tar Heels,Stanford Cardinal,North Carolina Tar Heels,Sun Bowl,27091,23,25,8,5,10,3,0,Stanford Cardinal,North Carolina Tar Heels,77%,FALSE,48
2015,50478,Louisville Cardinals,Texas A&M Aggies,Louisville Cardinals,Music City Bowl,25520,27,21,8,5,8,5,1,Louisville Cardinals,Texas A&M Aggies,62%,FALSE,48
2015,30083,Florida Gators,East Carolina Pirates,Florida Gators,Birmingham Bowl,23971,28,20,7,5,8,5,1,Florida Gators,East Carolina Pirates,58%,FALSE,48
2012,53687,Tulsa Golden Hurricane,Iowa State Cyclones,Tulsa Golden Hurricane,Liberty Bowl,19260,31,17,11,3,6,7,1,Tulsa Golden Hurricane,Iowa State Cyclones,79%,FALSE,48
2009,71872,Alabama Crimson Tide,Utah Utes,Alabama Crimson Tide,Sugar Bowl,13255,17,31,12,2,13,0,0,Utah Utes,Alabama Crimson Tide,100%,FALSE,48
2009,69441,Missouri Tigers,Navy Midshipmen,Missouri Tigers,Texas Bowl,14737,13,35,8,5,10,4,0,Navy Midshipmen,Missouri Tigers,71%,FALSE,48
2006,68024,Kentucky Wildcats,Clemson Tigers,Kentucky Wildcats,Music City Bowl,10206,28,20,8,5,8,5,1,Kentucky Wildcats,Clemson Tigers,62%,FALSE,48
2005,70112,West Virginia Mountaineers,Florida State Seminoles,West Virginia Mountaineers,Gator Bowl,7317,18,30,8,4,9,3,0,Florida State Seminoles,West Virginia Mountaineers,75%,FALSE,48
2005,30493,Boston College Eagles,Boise State Broncos,Boston College Eagles,MPC Computers Bowl,8722,27,21,9,3,9,4,1,Boston College Eagles,Boise State Broncos,75%,FALSE,48
2005,25742,Utah Utes,Georgia Tech Yellow Jackets,Utah Utes,Emerald Bowl,8724,38,10,7,5,7,5,1,Utah Utes,Georgia Tech Yellow Jackets,58%,FALSE,48
2004,78892,West Virginia Mountaineers,Maryland Terrapins,West Virginia Mountaineers,Gator Bowl,5904,7,41,8,5,10,3,0,Maryland Terrapins,West Virginia Mountaineers,77%,FALSE,48
2003,86848,Washington State Cougars,Oklahoma Sooners,Washington State Cougars,Rose Bowl,4406,14,34,10,3,12,2,0,Oklahoma Sooners,Washington State Cougars,86%,FALSE,48
2003,61102,Washington State Cougars,Texas Longhorns,Washington State Cougars,Holiday Bowl,5896,28,20,10,3,10,3,1,Washington State Cougars,Texas Longhorns,77%,FALSE,48
2002,12360,Western Kentucky Hilltoppers,McNeese State Cowboys,Western Kentucky Hilltoppers,Div I-AA Title Game,4383,34,14,12,3,13,2,1,Western Kentucky Hilltoppers,McNeese State Cowboys,80%,FALSE,48
2000,24897,Boston College Eagles,Arizona State Sun Devils,Boston College Eagles,Aloha Bowl,1382,31,17,7,5,6,6,1,Boston College Eagles,Arizona State Sun Devils,58%,FALSE,48
2013,34136,Washington Huskies,BYU Cougars,Washington Huskies,Fight Hunger Bowl,20837,31,16,9,4,8,5,1,Washington Huskies,BYU Cougars,69%,FALSE,47
2012,40754,Air Force Falcons,Rice Owls,Air Force Falcons,Armed Forces Bowl,19253,14,33,6,7,7,6,0,Rice Owls,Air Force Falcons,54%,FALSE,47
2009,67282,Clemson Tigers,Nebraska Cornhuskers,Clemson Tigers,Gator Bowl,13249,21,26,7,6,9,4,0,Nebraska Cornhuskers,Clemson Tigers,69%,FALSE,47
2006,52210,Kansas State Wildcats,Rutgers Scarlet Knights,Kansas State Wildcats,Texas Bowl,10205,10,37,7,6,11,2,0,Rutgers Scarlet Knights,Kansas State Wildcats,85%,FALSE,47
2002,72202,Virginia Tech Hokies,Florida State Seminoles,Virginia Tech Hokies,Gator Bowl,2904,17,30,8,4,8,4,0,Florida State Seminoles,Virginia Tech Hokies,67%,FALSE,47
2016,59815,Colorado Buffaloes,Oklahoma State Cowboys,Colorado Buffaloes,Alamo Bowl,27089,8,38,10,4,10,3,0,Oklahoma State Cowboys,Colorado Buffaloes,77%,FALSE,46
2014,40071,Clemson Tigers,Oklahoma Sooners,Clemson Tigers,Russell Athletic Bowl,23955,40,6,10,3,8,5,1,Clemson Tigers,Oklahoma Sooners,77%,FALSE,46
2010,57593,Arizona Wildcats,Oklahoma State Cowboys,Arizona Wildcats,Alamo Bowl,16232,10,36,7,6,11,2,0,Oklahoma State Cowboys,Arizona Wildcats,85%,FALSE,46
2006,44615,Oregon Ducks,Brigham Young Cougars,Oregon Ducks,Las Vegas Bowl,10195,8,38,7,6,11,2,0,Brigham Young Cougars,Oregon Ducks,85%,FALSE,46
2004,27902,Cincinnati Bearcats,Marshall Thundering Herd,Cincinnati Bearcats,Fort Worth Bowl,7298,32,14,7,5,6,6,1,Cincinnati Bearcats,Marshall Thundering Herd,58%,FALSE,46
2016,48625,Miami (FL) Hurricanes,West Virginia Mountaineers,Miami (FL) Hurricanes,Russell Athletic Bowl,27086,31,14,9,4,10,3,1,Miami (FL) Hurricanes,West Virginia Mountaineers,69%,FALSE,45
2016,28114,Wyoming Cowboys,BYU Cougars,Wyoming Cowboys,Poinsettia Bowl,27072,21,24,8,6,9,4,0,BYU Cougars,Wyoming Cowboys,69%,FALSE,45
2014,65706,TCU Horned Frogs,Ole Miss Rebels,TCU Horned Frogs,Chick-fil-A Peach Bowl,23963,42,3,12,1,9,4,1,TCU Horned Frogs,Ole Miss Rebels,92%,FALSE,45
2014,38242,South Carolina Gamecocks,Miami (FL) Hurricanes,South Carolina Gamecocks,Independence Bowl,23960,24,21,7,6,6,7,1,South Carolina Gamecocks,Miami (FL) Hurricanes,54%,FALSE,45
2013,54728,Louisiana Ragin' Cajuns,Tulane Green Wave,Louisiana Ragin' Cajuns,New Orleans Bowl,20809,24,21,9,4,7,6,1,Louisiana Ragin' Cajuns,Tulane Green Wave,69%,FALSE,45
2013,53284,Kansas State Wildcats,Michigan Wolverines,Kansas State Wildcats,Buffalo Wild Wings Bowl,20815,31,14,8,5,7,6,1,Kansas State Wildcats,Michigan Wolverines,62%,FALSE,45
2013,51098,Louisville Cardinals,Miami (FL) Hurricanes,Louisville Cardinals,Russell Athletic Bowl,20814,36,9,12,1,9,4,1,Louisville Cardinals,Miami (FL) Hurricanes,92%,FALSE,45
2013,47122,Notre Dame Fighting Irish,Rutgers Scarlet Knights,Notre Dame Fighting Irish,Pinstripe Bowl,20840,29,16,9,4,6,7,1,Notre Dame Fighting Irish,Rutgers Scarlet Knights,69%,FALSE,45
2012,80956,Arkansas Razorbacks,Kansas State Wildcats,Arkansas Razorbacks,Cotton Bowl,17764,29,16,11,2,10,3,1,Arkansas Razorbacks,Kansas State Wildcats,85%,FALSE,45
2012,23310,Central Michigan Chippewas,Western Kentucky Hilltoppers,Central Michigan Chippewas,Little Caesars Bowl,19246,24,21,7,6,7,6,1,Central Michigan Chippewas,Western Kentucky Hilltoppers,54%,FALSE,45
2011,54247,Oklahoma Sooners,Iowa Hawkeyes,Oklahoma Sooners,Insight Bowl,17750,31,14,10,3,7,6,1,Oklahoma Sooners,Iowa Hawkeyes,77%,FALSE,45
2011,30258,Tulsa Golden Hurricane,Brigham Young Cougars,Tulsa Golden Hurricane,Armed Forces Bowl,17747,21,24,8,5,10,3,0,Brigham Young Cougars,Tulsa Golden Hurricane,77%,FALSE,45
2009,72047,Texas Longhorns,Ohio State Buckeyes,Texas Longhorns,Fiesta Bowl,13257,24,21,12,1,10,3,1,Texas Longhorns,Ohio State Buckeyes,92%,FALSE,45
2008,74111,Virginia Tech Hokies,Kansas Jayhawks,Virginia Tech Hokies,Orange Bowl,11708,21,24,11,3,12,1,0,Kansas Jayhawks,Virginia Tech Hokies,92%,FALSE,45
2008,73114,Arkansas Razorbacks,Missouri Tigers,Arkansas Razorbacks,Cotton Bowl,11702,7,38,8,5,12,2,0,Missouri Tigers,Arkansas Razorbacks,86%,FALSE,45
2008,41399,Central Michigan Chippewas,Florida Atlantic Owls,Central Michigan Chippewas,Motor City Bowl,13233,21,24,8,5,7,6,0,Florida Atlantic Owls,Central Michigan Chippewas,54%,FALSE,45
2007,46554,Michigan State Spartans,Boston College Eagles,Michigan State Spartans,Champs Sports Bowl,11688,21,24,7,6,11,3,0,Boston College Eagles,Michigan State Spartans,79%,FALSE,45
2006,54113,Central Michigan Chippewas,Middle Tennessee Blue Raiders,Central Michigan Chippewas,Motor City Bowl,10201,31,14,10,4,7,6,1,Central Michigan Chippewas,Middle Tennessee Blue Raiders,71%,FALSE,45
2005,75704,Texas A&M Aggies,Tennessee Volunteers,Texas A&M Aggies,Cotton Bowl,7315,7,38,7,5,10,3,0,Tennessee Volunteers,Texas A&M Aggies,77%,FALSE,45
2005,62414,Wisconsin Badgers,Georgia Bulldogs,Wisconsin Badgers,Outback Bowl,7316,21,24,9,3,10,2,0,Georgia Bulldogs,Wisconsin Badgers,83%,FALSE,45
2004,29062,UCLA Bruins,Wyoming Cowboys,UCLA Bruins,Las Vegas Bowl,7299,21,24,6,6,7,5,0,Wyoming Cowboys,UCLA Bruins,58%,FALSE,45
2000,29113,Arkansas Razorbacks,UNLV Rebels,Arkansas Razorbacks,Las Vegas Bowl,1380,14,31,6,6,8,5,0,UNLV Rebels,Arkansas Razorbacks,62%,FALSE,45
2016,29286,San Diego State Aztecs,Houston Cougars,San Diego State Aztecs,Las Vegas Bowl,27068,34,10,11,3,9,4,1,San Diego State Aztecs,Houston Cougars,79%,FALSE,44
2016,27213,UCF Knights,Arkansas State Red Wolves,UCF Knights,Cure Bowl,27069,13,31,6,7,8,5,0,Arkansas State Red Wolves,UCF Knights,62%,FALSE,44
2016,13422,Old Dominion Monarchs,Eastern Michigan Eagles,Old Dominion Monarchs,Bahamas Bowl,27080,24,20,10,3,7,6,1,Old Dominion Monarchs,Eastern Michigan Eagles,77%,FALSE,44
2015,48329,Wisconsin Badgers,USC Trojans,Wisconsin Badgers,Holiday Bowl,25521,23,21,10,3,8,6,1,Wisconsin Badgers,USC Trojans,77%,FALSE,44
2015,18876,Utah State Aggies,Akron Zips,Utah State Aggies,Idaho Potato Bowl,25504,21,23,6,7,8,5,0,Akron Zips,Utah State Aggies,62%,FALSE,44
2014,95173,Michigan State Spartans,Stanford Cardinal,Michigan State Spartans,Rose Bowl,20828,24,20,13,1,11,3,1,Michigan State Spartans,Stanford Cardinal,93%,FALSE,44
2012,46817,Penn State Nittany Lions,Houston Cougars,Penn State Nittany Lions,TicketCity Bowl,17756,14,30,9,4,13,1,0,Houston Cougars,Penn State Nittany Lions,93%,FALSE,44
2009,56125,East Carolina Pirates,Kentucky Wildcats,East Carolina Pirates,Liberty Bowl,13254,19,25,9,5,7,6,0,Kentucky Wildcats,East Carolina Pirates,54%,FALSE,44
2006,29709,TCU Horned Frogs,Northern Illinois Huskies,TCU Horned Frogs,Poinsettia Bowl,10194,37,7,11,2,7,6,1,TCU Horned Frogs,Northern Illinois Huskies,85%,FALSE,44
2003,25184,North Texas Eagles,Memphis Tigers,North Texas Eagles,New Orleans Bowl,5884,17,27,9,4,9,4,0,Memphis Tigers,North Texas Eagles,69%,FALSE,44
2016,33328,Baylor Bears,Boise State Broncos,Baylor Bears,Cactus Bowl,27137,31,12,7,6,10,3,1,Baylor Bears,Boise State Broncos,54%,FALSE,43
2016,29688,New Mexico Lobos,UTSA Roadrunners,New Mexico Lobos,New Mexico Bowl,27067,23,20,9,4,6,7,1,New Mexico Lobos,UTSA Roadrunners,69%,FALSE,43
2015,18536,Georgia State Panthers,San Jose State Spartans,Georgia State Panthers,Cure Bowl,25501,16,27,6,7,6,7,0,San Jose State Spartans,Georgia State Panthers,46%,FALSE,43
2014,60712,Georgia Bulldogs,Nebraska Cornhuskers,Georgia Bulldogs,Gator Bowl,20824,19,24,8,5,9,4,0,Nebraska Cornhuskers,Georgia Bulldogs,69%,FALSE,43
2014,36119,Ball State Cardinals,Arkansas State Red Wolves,Ball State Cardinals,GoDaddy Bowl,20833,20,23,10,3,8,5,0,Arkansas State Red Wolves,Ball State Cardinals,62%,FALSE,43
2012,64512,Virginia Tech Hokies,Michigan Wolverines,Virginia Tech Hokies,Sugar Bowl,17762,20,23,11,3,11,2,0,Michigan Wolverines,Virginia Tech Hokies,85%,FALSE,43
2012,61351,South Carolina Gamecocks,Nebraska Cornhuskers,South Carolina Gamecocks,Capital One Bowl,17759,30,13,11,2,9,4,1,South Carolina Gamecocks,Nebraska Cornhuskers,85%,FALSE,43
2010,93963,Oregon Ducks,Ohio State Buckeyes,Oregon Ducks,Rose Bowl,14743,17,26,10,3,11,2,0,Ohio State Buckeyes,Oregon Ducks,85%,FALSE,43
2010,72217,Florida State Seminoles,South Carolina Gamecocks,Florida State Seminoles,Chick-fil-A Bowl,16240,26,17,10,4,9,5,1,Florida State Seminoles,South Carolina Gamecocks,71%,FALSE,43
2007,74413,Auburn Tigers,Clemson Tigers,Auburn Tigers,Chick-fil-A Bowl,11700,23,20,9,4,9,4,1,Auburn Tigers,Clemson Tigers,69%,FALSE,43
2005,65620,LSU Tigers,Miami (FL) Hurricanes,LSU Tigers,Peach Bowl,8729,40,3,11,2,9,3,1,LSU Tigers,Miami (FL) Hurricanes,85%,FALSE,43
2002,39183,Minnesota Golden Gophers,Arkansas Razorbacks,Minnesota Golden Gophers,Music City Bowl,4394,29,14,8,5,9,5,1,Minnesota Golden Gophers,Arkansas Razorbacks,62%,FALSE,43
2002,19024,Cincinnati Bearcats,North Texas Eagles,Cincinnati Bearcats,New Orleans Bowl,4381,19,24,7,7,8,5,0,North Texas Eagles,Cincinnati Bearcats,62%,FALSE,43
2013,52125,Georgia Tech Yellow Jackets,Ole Miss Rebels,Georgia Tech Yellow Jackets,Music City Bowl,20817,17,25,7,6,8,5,0,Ole Miss Rebels,Georgia Tech Yellow Jackets,62%,FALSE,42
2005,73519,Utah Utes,Pittsburgh Panthers,Utah Utes,Fiesta Bowl,7320,35,7,12,0,8,4,1,Utah Utes,Pittsburgh Panthers,100%,FALSE,42
2004,93849,USC Trojans,Michigan Wolverines,USC Trojans,Rose Bowl,5906,28,14,12,1,10,3,1,USC Trojans,Michigan Wolverines,92%,FALSE,42
2003,55109,Auburn Tigers,Wisconsin Badgers,Auburn Tigers,Music City Bowl,5898,28,14,8,5,7,6,1,Auburn Tigers,Wisconsin Badgers,62%,FALSE,42
2000,73614,LSU Tigers,Georgia Tech Yellow Jackets,LSU Tigers,Peach Bowl,1391,28,14,8,4,9,3,1,LSU Tigers,Georgia Tech Yellow Jackets,67%,FALSE,42
2016,58212,Georgia Bulldogs,Penn State Nittany Lions,Georgia Bulldogs,Taxslayer Bowl,25529,24,17,10,3,7,6,1,Georgia Bulldogs,Penn State Nittany Lions,77%,FALSE,41
2015,59430,Memphis Tigers,Auburn Tigers,Memphis Tigers,Birmingham Bowl,25532,10,31,9,4,7,6,0,Auburn Tigers,Memphis Tigers,54%,FALSE,41
2013,72073,Florida State Seminoles,Northern Illinois Huskies,Florida State Seminoles,Orange Bowl,19267,31,10,12,2,12,2,1,Florida State Seminoles,Northern Illinois Huskies,86%,FALSE,41
2012,61312,Florida Gators,Ohio State Buckeyes,Florida Gators,Gator Bowl,17757,24,17,7,6,6,7,1,Florida Gators,Ohio State Buckeyes,54%,FALSE,41
2011,78603,Auburn Tigers,Oregon Ducks,Auburn Tigers,BCS Championship,16254,22,19,14,0,12,1,1,Auburn Tigers,Oregon Ducks,100%,FALSE,41
2011,32630,Southern Miss Golden Eagles,Nevada Wolf Pack,Southern Miss Golden Eagles,Hawaii Bowl,17739,24,17,12,2,7,6,1,Southern Miss Golden Eagles,Nevada Wolf Pack,86%,FALSE,41
2009,55117,Iowa Hawkeyes,South Carolina Gamecocks,Iowa Hawkeyes,Outback Bowl,13248,31,10,9,4,7,6,1,Iowa Hawkeyes,South Carolina Gamecocks,69%,FALSE,41
2008,71426,Georgia Tech Yellow Jackets,LSU Tigers,Georgia Tech Yellow Jackets,Chick-fil-A Bowl,13247,3,38,9,4,8,5,0,LSU Tigers,Georgia Tech Yellow Jackets,62%,FALSE,41
2008,42268,California Golden Bears,Miami (FL) Hurricanes,California Golden Bears,Emerald Bowl,13236,24,17,9,4,7,6,1,California Golden Bears,Miami (FL) Hurricanes,69%,FALSE,41
2007,66166,Texas A&M Aggies,Penn State Nittany Lions,Texas A&M Aggies,Alamo Bowl,11693,17,24,7,6,9,4,0,Penn State Nittany Lions,Texas A&M Aggies,69%,FALSE,41
2006,28652,Nevada Wolf Pack,Miami (FL) Hurricanes,Nevada Wolf Pack,MPC Computers Bowl,10214,20,21,8,5,7,6,0,Miami (FL) Hurricanes,Nevada Wolf Pack,54%,FALSE,41
2004,75125,Clemson Tigers,Tennessee Volunteers,Clemson Tigers,Peach Bowl,5909,27,14,9,4,10,3,1,Clemson Tigers,Tennessee Volunteers,69%,FALSE,41
2004,27253,North Texas Eagles,Southern Miss Golden Eagles,North Texas Eagles,New Orleans Bowl,7294,10,31,7,5,7,5,0,Southern Miss Golden Eagles,North Texas Eagles,58%,FALSE,41
2003,49625,Arkansas Razorbacks,Missouri Tigers,Arkansas Razorbacks,Independence Bowl,5901,27,14,9,4,8,5,1,Arkansas Razorbacks,Missouri Tigers,69%,FALSE,41
2000,49093,Wisconsin Badgers,UCLA Bruins,Wisconsin Badgers,Sun Bowl,1390,21,20,9,4,6,6,1,Wisconsin Badgers,UCLA Bruins,69%,FALSE,41
2011,94118,TCU Horned Frogs,Wisconsin Badgers,TCU Horned Frogs,Rose Bowl,16245,21,19,13,0,11,2,1,TCU Horned Frogs,Wisconsin Badgers,100%,FALSE,40
2011,55208,Wake Forest Demon Deacons,Mississippi State Bulldogs,Wake Forest Demon Deacons,Music City Bowl,17749,17,23,6,7,7,6,0,Mississippi State Bulldogs,Wake Forest Demon Deacons,54%,FALSE,40
2011,38328,Rutgers Scarlet Knights,Iowa State Cyclones,Rutgers Scarlet Knights,Pinstripe Bowl,17748,27,13,9,4,6,7,1,Rutgers Scarlet Knights,Iowa State Cyclones,69%,FALSE,40
2004,65265,Ohio State Buckeyes,Oklahoma State Cowboys,Ohio State Buckeyes,Alamo Bowl,7306,33,7,8,4,7,5,1,Ohio State Buckeyes,Oklahoma State Cowboys,67%,FALSE,40
2003,14281,Colgate Raiders,Delaware Blue Hens,Colgate Raiders,Div I-AA Title Game,5886,0,40,15,1,15,1,0,Delaware Blue Hens,Colgate Raiders,94%,TRUE,40
2002,30324,New Mexico Lobos,UCLA Bruins,New Mexico Lobos,Las Vegas Bowl,4385,13,27,7,7,8,5,0,UCLA Bruins,New Mexico Lobos,62%,FALSE,40
2003,74269,Florida State Seminoles,Georgia Bulldogs,Florida State Seminoles,Sugar Bowl,4407,13,26,9,5,13,1,0,Georgia Bulldogs,Florida State Seminoles,93%,FALSE,39
2003,51236,Virginia Cavaliers,Pittsburgh Panthers,Virginia Cavaliers,Continental Tire,5893,23,16,8,5,8,5,1,Virginia Cavaliers,Pittsburgh Panthers,62%,FALSE,39
2001,44164,Toledo Rockets,Cincinnati Bearcats,Toledo Rockets,Motor City Bowl,2894,23,16,10,2,7,5,1,Toledo Rockets,Cincinnati Bearcats,83%,FALSE,39
2000,58302,Colorado State Rams,Louisville Cardinals,Colorado State Rams,Liberty Bowl,1389,22,17,10,2,9,3,1,Colorado State Rams,Louisville Cardinals,83%,FALSE,39
2000,52911,Cincinnati Bearcats,Marshall Thundering Herd,Cincinnati Bearcats,Motor City Bowl,1383,14,25,7,5,8,5,0,Marshall Thundering Herd,Cincinnati Bearcats,62%,FALSE,39
2016,46063,Louisville Cardinals,LSU Tigers,Louisville Cardinals,Citrus Bowl,27095,9,29,9,4,8,4,0,LSU Tigers,Louisville Cardinals,67%,FALSE,38
2015,82812,Alabama Crimson Tide,Michigan State Spartans,Alabama Crimson Tide,Cotton Bowl,25524,38,0,13,1,12,2,1,Alabama Crimson Tide,Michigan State Spartans,93%,TRUE,38
2014,71115,Texas Longhorns,Arkansas Razorbacks,Texas Longhorns,Advocare V100 Texas Bowl,23956,7,31,6,7,7,6,0,Arkansas Razorbacks,Texas Longhorns,54%,FALSE,38
2013,32327,Minnesota Golden Gophers,Syracuse Orange,Minnesota Golden Gophers,Texas Bowl,20813,17,21,8,5,7,6,0,Syracuse Orange,Minnesota Golden Gophers,54%,FALSE,38
2010,66131,Georgia Tech Yellow Jackets,Iowa Hawkeyes,Georgia Tech Yellow Jackets,Orange Bowl,14751,14,24,11,3,11,2,0,Iowa Hawkeyes,Georgia Tech Yellow Jackets,85%,FALSE,38
2009,78468,Oklahoma Sooners,Florida Gators,Oklahoma Sooners,BCS Championship,13259,14,24,12,2,13,1,0,Florida Gators,Oklahoma Sooners,93%,FALSE,38
2009,30311,Marshall Thundering Herd,Ohio Bobcats,Marshall Thundering Herd,Little Caesars Bowl,14726,21,17,7,6,9,5,1,Marshall Thundering Herd,Ohio Bobcats,54%,FALSE,38
2008,60121,Wisconsin Badgers,Tennessee Volunteers,Wisconsin Badgers,Outback Bowl,11701,17,21,9,4,10,4,0,Tennessee Volunteers,Wisconsin Badgers,71%,FALSE,38
2006,32412,Utah Utes,Tulsa Golden Hurricane,Utah Utes,Armed Forces Bowl,10199,25,13,8,5,8,5,1,Utah Utes,Tulsa Golden Hurricane,62%,FALSE,38
2001,58968,Brigham Young Cougars,Louisville Cardinals,Brigham Young Cougars,Liberty Bowl,2900,10,28,12,2,11,2,0,Louisville Cardinals,Brigham Young Cougars,85%,FALSE,38
2001,30144,Stanford Cardinal,Georgia Tech Yellow Jackets,Stanford Cardinal,Seattle Bowl,2889,14,24,9,3,8,5,0,Georgia Tech Yellow Jackets,Stanford Cardinal,62%,FALSE,38
2013,65918,Texas Longhorns,Oregon Ducks,Texas Longhorns,Alamo Bowl,20818,7,30,8,5,11,2,0,Oregon Ducks,Texas Longhorns,85%,FALSE,37
2011,41207,Kentucky Wildcats,Pittsburgh Panthers,Kentucky Wildcats,BBVA Compass Bowl,16252,10,27,6,7,8,5,0,Pittsburgh Panthers,Kentucky Wildcats,62%,FALSE,37
2010,62742,East Carolina Pirates,Arkansas Razorbacks,East Carolina Pirates,Liberty Bowl,14748,17,20,9,5,8,5,0,Arkansas Razorbacks,East Carolina Pirates,62%,FALSE,37
2009,40121,USC Trojans,Boston College Eagles,USC Trojans,Emerald Bowl,14728,24,13,9,4,8,5,1,USC Trojans,Boston College Eagles,69%,FALSE,37
2007,74470,Wake Forest Demon Deacons,Louisville Cardinals,Wake Forest Demon Deacons,Orange Bowl,10221,13,24,11,3,12,1,0,Louisville Cardinals,Wake Forest Demon Deacons,92%,FALSE,37
2005,20236,Appalachian State Mountaineers,Northern Iowa Panthers,Appalachian State Mountaineers,Div I-AA Title Game,8712,21,16,12,3,11,4,1,Appalachian State Mountaineers,Northern Iowa Panthers,80%,FALSE,37
2004,69322,Florida Gators,Miami (FL) Hurricanes,Florida Gators,Peach Bowl,7314,10,27,7,5,9,3,0,Miami (FL) Hurricanes,Florida Gators,75%,FALSE,37
2001,53480,Texas A&M Aggies,Texas Christian Horned Frogs,Texas A&M Aggies,Houston Bowl,2891,28,9,8,4,6,6,1,Texas A&M Aggies,Texas Christian Horned Frogs,67%,FALSE,37
2014,25365,Rice Owls,Fresno State Bulldogs,Rice Owls,Hawaii Bowl,23945,30,6,8,5,6,8,1,Rice Owls,Fresno State Bulldogs,62%,FALSE,36
2010,63025,LSU Tigers,Penn State Nittany Lions,LSU Tigers,Capital One Bowl,14742,17,19,9,4,11,2,0,Penn State Nittany Lions,LSU Tigers,85%,FALSE,36
2009,59681,Michigan State Spartans,Georgia Bulldogs,Michigan State Spartans,Capital One Bowl,13250,12,24,9,4,10,3,0,Georgia Bulldogs,Michigan State Spartans,77%,FALSE,36
2009,50389,North Carolina Tar Heels,Pittsburgh Panthers,North Carolina Tar Heels,Meineke Bowl,14727,17,19,8,5,10,3,0,Pittsburgh Panthers,North Carolina Tar Heels,77%,FALSE,36
2004,66089,Minnesota Golden Gophers,Alabama Crimson Tide,Minnesota Golden Gophers,Music City Bowl,7311,20,16,7,5,6,6,1,Minnesota Golden Gophers,Alabama Crimson Tide,58%,FALSE,36
2001,46125,Georgia Bulldogs,Boston College Eagles,Georgia Bulldogs,Music City Bowl,2892,16,20,8,4,8,4,0,Boston College Eagles,Georgia Bulldogs,67%,FALSE,36
2015,34217,Minnesota Golden Gophers,Central Michigan Chippewas,Minnesota Golden Gophers,Quick Lane Bowl,25535,21,14,6,7,7,6,1,Minnesota Golden Gophers,Central Michigan Chippewas,46%,FALSE,35
2014,51296,LSU Tigers,Iowa Hawkeyes,LSU Tigers,Outback Bowl,20827,21,14,10,3,8,5,1,LSU Tigers,Iowa Hawkeyes,77%,FALSE,35
2013,23408,Northern Illinois Huskies,Utah State Aggies,Northern Illinois Huskies,Poinsettia Bowl,20811,14,21,12,2,9,5,0,Utah State Aggies,Northern Illinois Huskies,64%,FALSE,35
2007,38751,Southern Miss Golden Eagles,Ohio Bobcats,Southern Miss Golden Eagles,GMAC Bowl,10224,28,7,9,5,9,5,1,Southern Miss Golden Eagles,Ohio Bobcats,64%,FALSE,35
2007,32517,Oregon State Beavers,Maryland Terrapins,Oregon State Beavers,Emerald Bowl,11690,21,14,9,4,6,6,1,Oregon State Beavers,Maryland Terrapins,69%,FALSE,35
2004,79342,LSU Tigers,Oklahoma Sooners,LSU Tigers,Sugar Bowl,5912,21,14,13,1,12,2,1,LSU Tigers,Oklahoma Sooners,93%,FALSE,35
2001,65232,Texas Tech Red Raiders,Iowa Hawkeyes,Texas Tech Red Raiders,Alamo Bowl,2895,16,19,7,5,7,5,0,Iowa Hawkeyes,Texas Tech Red Raiders,58%,FALSE,35
2015,41180,Washington State Cougars,Miami (FL) Hurricanes,Washington State Cougars,Sun Bowl,25512,20,14,9,4,8,5,1,Washington State Cougars,Miami (FL) Hurricanes,69%,FALSE,34
2013,93359,Stanford Cardinal,Wisconsin Badgers,Stanford Cardinal,Rose Bowl,19266,20,14,12,2,8,6,1,Stanford Cardinal,Wisconsin Badgers,86%,FALSE,34
2012,29726,Pittsburgh Panthers,Southern Methodist Mustangs,Pittsburgh Panthers,BBVA Compass Bowl,17765,6,28,6,7,8,5,0,Southern Methodist Mustangs,Pittsburgh Panthers,62%,FALSE,34
2011,29878,UCLA Bruins,Illinois Fighting Illini,UCLA Bruins,Fight Hunger Bowl,17753,14,20,6,8,7,6,0,Illinois Fighting Illini,UCLA Bruins,54%,FALSE,34
2009,57280,Clemson Tigers,Kentucky Wildcats,Clemson Tigers,Music City Bowl,14729,21,13,9,5,7,6,1,Clemson Tigers,Kentucky Wildcats,64%,FALSE,34
2009,56747,Wisconsin Badgers,Miami (FL) Hurricanes,Wisconsin Badgers,Champs Sports Bowl,14732,20,14,10,3,9,4,1,Wisconsin Badgers,Miami (FL) Hurricanes,77%,FALSE,34
2007,53126,Wake Forest Demon Deacons,Connecticut Huskies,Wake Forest Demon Deacons,Meineke Bowl,11691,24,10,9,4,9,4,1,Wake Forest Demon Deacons,Connecticut Huskies,69%,FALSE,34
2006,57221,Auburn Tigers,Wisconsin Badgers,Auburn Tigers,Capital One Bowl,8736,10,24,9,3,10,3,0,Wisconsin Badgers,Auburn Tigers,77%,FALSE,34
2003,73491,Notre Dame Fighting Irish,North Carolina State Wolfpack,Notre Dame Fighting Irish,Gator Bowl,4404,6,28,10,3,11,3,0,North Carolina State Wolfpack,Notre Dame Fighting Irish,79%,FALSE,34
2016,15717,Mississippi State Bulldogs,Miami (OH) RedHawks,Mississippi State Bulldogs,St. Petersburg Bowl,27079,17,16,6,7,6,7,1,Mississippi State Bulldogs,Miami (OH) RedHawks,46%,FALSE,33
2014,33077,San Diego State Aztecs,Navy Midshipmen,San Diego State Aztecs,Poinsettia Bowl,23943,16,17,7,6,8,5,0,Navy Midshipmen,San Diego State Aztecs,62%,FALSE,33
2012,44617,Michigan State Spartans,TCU Horned Frogs,Michigan State Spartans,Buffalo Wild Wings Bowl,19257,17,16,7,6,7,6,1,Michigan State Spartans,TCU Horned Frogs,54%,FALSE,33
2011,41063,Boston College Eagles,Nevada Wolf Pack,Boston College Eagles,Fight Hunger Bowl,16253,13,20,7,6,13,1,0,Nevada Wolf Pack,Boston College Eagles,93%,FALSE,33
2009,64607,Nebraska Cornhuskers,Arizona Wildcats,Nebraska Cornhuskers,Holiday Bowl,14734,33,0,10,4,8,5,1,Nebraska Cornhuskers,Arizona Wildcats,71%,TRUE,33
2008,34628,TCU Horned Frogs,Boise State Broncos,TCU Horned Frogs,Poinsettia Bowl,13231,17,16,11,2,12,1,1,TCU Horned Frogs,Boise State Broncos,85%,FALSE,33
2007,62097,Houston Cougars,TCU Horned Frogs,Houston Cougars,Texas Bowl,11689,13,20,8,5,8,5,0,TCU Horned Frogs,Houston Cougars,62%,FALSE,33
2007,40712,Brigham Young Cougars,UCLA Bruins,Brigham Young Cougars,Las Vegas Bowl,11684,17,16,11,2,6,7,1,Brigham Young Cougars,UCLA Bruins,85%,FALSE,33
2002,68330,Tennessee Volunteers,Maryland Terrapins,Tennessee Volunteers,Peach Bowl,4400,3,30,8,5,11,3,0,Maryland Terrapins,Tennessee Volunteers,79%,FALSE,33
2002,25966,Virginia Tech Hokies,Air Force Falcons,Virginia Tech Hokies,San Francisco Bowl,4401,20,13,10,4,8,5,1,Virginia Tech Hokies,Air Force Falcons,71%,FALSE,33
2011,68305,Notre Dame Fighting Irish,Florida State Seminoles,Notre Dame Fighting Irish,Champs Sports Bowl,17745,14,18,8,5,9,4,0,Florida State Seminoles,Notre Dame Fighting Irish,69%,FALSE,32
2006,34111,San Jose State Spartans,New Mexico Lobos,San Jose State Spartans,New Mexico Bowl,10198,20,12,9,4,6,7,1,San Jose State Spartans,New Mexico Lobos,69%,FALSE,32
2016,75996,Alabama Crimson Tide,Washington Huskies,Alabama Crimson Tide,Peach Bowl,27096,24,7,14,0,12,2,1,Alabama Crimson Tide,Washington Huskies,100%,FALSE,31
2016,71279,Clemson Tigers,Ohio State Buckeyes,Clemson Tigers,Fiesta Bowl,27097,31,0,13,1,11,2,1,Clemson Tigers,Ohio State Buckeyes,93%,TRUE,31
2011,56313,Texas Longhorns,California Golden Bears,Texas Longhorns,Holiday Bowl,17744,21,10,8,5,7,6,1,Texas Longhorns,California Golden Bears,62%,FALSE,31
2007,66777,Nebraska Cornhuskers,Auburn Tigers,Nebraska Cornhuskers,Cotton Bowl,10216,14,17,9,5,11,2,0,Auburn Tigers,Nebraska Cornhuskers,85%,FALSE,31
2007,60774,Wisconsin Badgers,Arkansas Razorbacks,Wisconsin Badgers,Capital One Bowl,10218,17,14,12,1,10,4,1,Wisconsin Badgers,Arkansas Razorbacks,92%,FALSE,31
2006,40168,Maryland Terrapins,Purdue Boilermakers,Maryland Terrapins,Champs Sports Bowl,10209,24,7,9,4,8,6,1,Maryland Terrapins,Purdue Boilermakers,69%,FALSE,31
2006,32023,East Carolina Pirates,South Florida Bulls,East Carolina Pirates,Papa John's.com Bowl,10197,7,24,7,6,9,4,0,South Florida Bulls,East Carolina Pirates,69%,FALSE,31
2005,65416,Oklahoma Sooners,Oregon Ducks,Oklahoma Sooners,Holiday Bowl,8725,17,14,8,4,10,2,1,Oklahoma Sooners,Oregon Ducks,67%,FALSE,31
2001,65229,Ohio State Buckeyes,South Carolina Gamecocks,Ohio State Buckeyes,Outback Bowl,1396,7,24,8,4,8,4,0,South Carolina Gamecocks,Ohio State Buckeyes,67%,FALSE,31
2013,39246,Navy Midshipmen,Middle Tennessee Blue Raiders,Navy Midshipmen,Armed Forces Bowl,20816,24,6,9,4,8,5,1,Navy Midshipmen,Middle Tennessee Blue Raiders,69%,FALSE,30
2013,37913,Arkansas State Red Wolves,Kent State Golden Flashes,Arkansas State Red Wolves,GoDaddy.Com Bowl,19273,17,13,10,3,11,3,1,Arkansas State Red Wolves,Kent State Golden Flashes,77%,FALSE,30
2011,20072,Marshall Thundering Herd,FIU Golden Panthers,Marshall Thundering Herd,Beef 'O' Brady's Bowl,17736,20,10,7,6,8,5,1,Marshall Thundering Herd,FIU Golden Panthers,54%,FALSE,30
2010,48962,North Carolina State Wolfpack,West Virginia Mountaineers,North Carolina State Wolfpack,Champs Sports Bowl,16228,23,7,9,4,9,4,1,North Carolina State Wolfpack,West Virginia Mountaineers,69%,FALSE,30
2010,36742,Southern Methodist Mustangs,Army Black Knights,Southern Methodist Mustangs,Armed Forces Bowl,16233,14,16,7,7,7,6,0,Army Black Knights,Southern Methodist Mustangs,54%,FALSE,30
2010,22185,Northern Illinois Huskies,South Florida Bulls,Northern Illinois Huskies,International Bowl,14745,3,27,7,6,8,5,0,South Florida Bulls,Northern Illinois Huskies,62%,FALSE,30
2008,54250,Vanderbilt Commodores,Boston College Eagles,Vanderbilt Commodores,Music City Bowl,13245,16,14,7,6,9,5,1,Vanderbilt Commodores,Boston College Eagles,54%,FALSE,30
2007,65601,Penn State Nittany Lions,Tennessee Volunteers,Penn State Nittany Lions,Outback Bowl,10215,20,10,9,4,9,4,1,Penn State Nittany Lions,Tennessee Volunteers,69%,FALSE,30
2004,76739,Florida State Seminoles,Miami (FL) Hurricanes,Florida State Seminoles,Orange Bowl,5907,14,16,10,3,11,2,0,Miami (FL) Hurricanes,Florida State Seminoles,85%,FALSE,30
2004,43000,Iowa State Cyclones,Miami (OH) RedHawks,Iowa State Cyclones,Independence Bowl,7303,17,13,7,5,8,5,1,Iowa State Cyclones,Miami (OH) RedHawks,58%,FALSE,30
2016,48704,Washington State Cougars,Minnesota Golden Gophers,Washington State Cougars,Holiday Bowl,27084,12,17,8,5,9,4,0,Minnesota Golden Gophers,Washington State Cougars,69%,FALSE,29
2012,35442,San Diego State Aztecs,Brigham Young Cougars,San Diego State Aztecs,Poinsettia Bowl,19241,6,23,9,4,8,5,0,Brigham Young Cougars,San Diego State Aztecs,62%,FALSE,29
2010,41923,Boise State Broncos,Utah Utes,Boise State Broncos,MAACO Bowl,16223,26,3,12,1,10,3,1,Boise State Broncos,Utah Utes,92%,FALSE,29
2005,77349,Auburn Tigers,Virginia Tech Hokies,Auburn Tigers,Sugar Bowl,7321,16,13,13,0,10,3,1,Auburn Tigers,Virginia Tech Hokies,100%,FALSE,29
2005,31470,Colorado Buffaloes,Clemson Tigers,Colorado Buffaloes,Champs Sports Bowl,8720,10,19,7,6,8,4,0,Clemson Tigers,Colorado Buffaloes,67%,FALSE,29
2001,40028,Kansas State Wildcats,Syracuse Orangemen,Kansas State Wildcats,Insight Bowl,2896,3,26,6,6,10,3,0,Syracuse Orangemen,Kansas State Wildcats,77%,FALSE,29
2012,47922,Georgia Tech Yellow Jackets,USC Trojans,Georgia Tech Yellow Jackets,Sun Bowl,19259,21,7,7,7,7,6,1,Georgia Tech Yellow Jackets,USC Trojans,50%,FALSE,28
2010,77928,Mississippi Rebels,Oklahoma State Cowboys,Mississippi Rebels,Cotton Bowl,14747,21,7,9,4,9,4,1,Mississippi Rebels,Oklahoma State Cowboys,69%,FALSE,28
2014,28725,UTEP Miners,Utah State Aggies,UTEP Miners,New Mexico Bowl,23937,6,21,7,6,10,4,0,Utah State Aggies,UTEP Miners,71%,FALSE,27
2010,73227,TCU Horned Frogs,Boise State Broncos,TCU Horned Frogs,Fiesta Bowl,14750,10,17,12,1,14,0,0,Boise State Broncos,TCU Horned Frogs,100%,FALSE,27
2010,45254,Connecticut Huskies,South Carolina Gamecocks,Connecticut Huskies,Papa John's.com Bowl,14746,20,7,8,5,7,6,1,Connecticut Huskies,South Carolina Gamecocks,62%,FALSE,27
2009,73602,Virginia Tech Hokies,Cincinnati Bearcats,Virginia Tech Hokies,Orange Bowl,13252,20,7,10,4,11,3,1,Virginia Tech Hokies,Cincinnati Bearcats,71%,FALSE,27
2009,45090,Iowa State Cyclones,Minnesota Golden Gophers,Iowa State Cyclones,Insight Bowl,14738,14,13,7,6,6,7,1,Iowa State Cyclones,Minnesota Golden Gophers,54%,FALSE,27
2008,41567,Louisiana Tech Bulldogs,Northern Illinois Huskies,Louisiana Tech Bulldogs,Independence Bowl,13237,17,10,8,5,6,7,1,Louisiana Tech Bulldogs,Northern Illinois Huskies,62%,FALSE,27
2001,45627,Iowa State Cyclones,Alabama Crimson Tide,Iowa State Cyclones,Independence Bowl,2890,13,14,7,5,7,5,0,Alabama Crimson Tide,Iowa State Cyclones,58%,FALSE,27
2015,14652,Marshall Thundering Herd,Connecticut Huskies,Marshall Thundering Herd,St. Petersburg Bowl,25538,16,10,10,3,6,7,1,Marshall Thundering Herd,Connecticut Huskies,77%,FALSE,26
2010,57921,Washington Huskies,Nebraska Cornhuskers,Washington Huskies,Holiday Bowl,16236,19,7,7,6,10,4,1,Washington Huskies,Nebraska Cornhuskers,54%,FALSE,26
2003,20126,Fresno State Bulldogs,UCLA Bruins,Fresno State Bulldogs,Silicon Valley,5897,17,9,9,5,6,7,1,Fresno State Bulldogs,UCLA Bruins,64%,FALSE,26
2001,71827,Auburn Tigers,North Carolina Tar Heels,Auburn Tigers,Peach Bowl,2901,10,16,7,5,8,5,0,North Carolina Tar Heels,Auburn Tigers,62%,FALSE,26
2012,48127,Virginia Tech Hokies,Rutgers Scarlet Knights,Virginia Tech Hokies,Russell Athletic Bowl,19251,13,10,7,6,9,4,1,Virginia Tech Hokies,Rutgers Scarlet Knights,54%,FALSE,23
2007,30223,New Mexico Lobos,Nevada Wolf Pack,New Mexico Lobos,New Mexico Bowl,11683,23,0,9,4,6,7,1,New Mexico Lobos,Nevada Wolf Pack,69%,TRUE,23
2006,74222,Alabama Crimson Tide,Texas Tech Red Raiders,Alabama Crimson Tide,Cotton Bowl,8733,13,10,10,2,9,3,1,Alabama Crimson Tide,Texas Tech Red Raiders,83%,FALSE,23
2003,66334,Auburn Tigers,Penn State Nittany Lions,Auburn Tigers,Capital One Bowl,4405,13,9,9,4,9,4,1,Auburn Tigers,Penn State Nittany Lions,69%,FALSE,22
2012,78237,LSU Tigers,Alabama Crimson Tide,LSU Tigers,BCS Championship,17768,0,21,13,1,12,1,0,Alabama Crimson Tide,LSU Tigers,92%,TRUE,21
2010,39362,Georgia Tech Yellow Jackets,Air Force Falcons,Georgia Tech Yellow Jackets,Independence Bowl,16227,7,14,6,7,9,4,0,Air Force Falcons,Georgia Tech Yellow Jackets,69%,FALSE,21
2003,56226,Nebraska Cornhuskers,Michigan State Spartans,Nebraska Cornhuskers,Alamo Bowl,5894,17,3,10,3,8,5,1,Nebraska Cornhuskers,Michigan State Spartans,77%,FALSE,20
2002,55207,Colorado State Rams,TCU Horned Frogs,Colorado State Rams,Liberty Bowl,4398,3,17,10,4,10,2,0,TCU Horned Frogs,Colorado State Rams,83%,FALSE,20
2014,34014,Louisiana-Lafayette Ragin' Cajuns,Nevada Wolf Pack,Louisiana-Lafayette Ragin' Cajuns,New Orleans Bowl,23936,16,3,9,4,7,6,1,Louisiana-Lafayette Ragin' Cajuns,Nevada Wolf Pack,69%,FALSE,19
2001,12698,Montana Grizzlies,Furman Paladins,Montana Grizzlies,Div I-AA Title Game,2887,13,6,15,1,12,3,1,Montana Grizzlies,Furman Paladins,94%,FALSE,19
2003,55989,Southern Mississippi Golden Eagles,Utah Utes,Southern Mississippi Golden Eagles,Liberty Bowl,5900,0,17,9,4,10,2,0,Utah Utes,Southern Mississippi Golden Eagles,83%,TRUE,17
2010,51231,Georgia Bulldogs,UCF Knights,Georgia Bulldogs,Liberty Bowl,16239,6,10,6,7,11,3,0,UCF Knights,Georgia Bulldogs,79%,FALSE,16
2001,30894,Utah Utes,USC Trojans,Utah Utes,Las Vegas Bowl,2888,10,6,8,4,6,6,1,Utah Utes,USC Trojans,67%,FALSE,16
2001,76835,Oklahoma Sooners,Florida State Seminoles,Oklahoma Sooners,Orange Bowl,1403,13,2,13,0,11,2,1,Oklahoma Sooners,Florida State Seminoles,100%,FALSE,15
2005,57937,North Carolina State Wolfpack,South Florida Bulls,North Carolina State Wolfpack,Meineke Bowl,8730,14,0,7,5,6,6,1,North Carolina State Wolfpack,South Florida Bulls,58%,TRUE,14
2007,63816,Mississippi State Bulldogs,UCF Knights,Mississippi State Bulldogs,Liberty Bowl,11692,10,3,8,5,10,4,1,Mississippi State Bulldogs,UCF Knights,62%,FALSE,13
2002,72955,Oklahoma Sooners,Arkansas Razorbacks,Oklahoma Sooners,Cotton Bowl,2902,10,3,11,2,7,5,1,Oklahoma Sooners,Arkansas Razorbacks,85%,FALSE,13
2008,49037,Pittsburgh Panthers,Oregon State Beavers,Pittsburgh Panthers,Sun Bowl,13244,0,3,9,4,9,4,0,Oregon State Beavers,Pittsburgh Panthers,69%,TRUE,3
